Timestamp,Presence,Movement,MovingRange,BreathingRate,HeartRate
2026-01-22 22:20:21.124283,1,2,29,17,72
2026-01-22 22:20:25.095768,1,2,14,23,108
2026-01-22 22:20:27.968067,1,2,5,24,111
2026-01-22 22:20:30.775912,1,2,1,23,114
2026-01-22 22:20:34.617405,1,2,7,23,117
2026-01-22 22:20:37.894127,1,2,22,24,120
2026-01-22 22:20:41.787341,1,2,1,23,123
2026-01-22 22:20:44.652733,1,2,2,22,117
2026-01-22 22:20:49.050661,1,2,2,20,107
2026-01-22 22:20:51.927062,1,2,1,20,104
2026-01-22 22:20:54.790087,1,2,6,17,100
2026-01-22 22:20:58.685237,1,2,5,15,94
2026-01-22 22:21:01.961582,1,2,5,17,89
2026-01-22 22:21:04.927863,1,2,2,18,86
2026-01-22 22:21:07.798125,1,2,8,19,83
2026-01-22 22:21:10.662258,1,2,13,20,79
2026-01-22 22:21:13.534587,1,2,7,20,73
2026-01-22 22:21:16.294512,1,2,2,20,70
2026-01-22 22:21:20.197418,1,2,10,19,70
2026-01-22 22:21:23.154982,1,2,7,19,70
2026-01-22 22:21:26.536168,1,2,3,18,70
2026-01-22 22:21:29.309970,1,2,10,18,70
2026-01-22 22:21:32.268475,1,2,11,18,70
2026-01-22 22:21:35.137685,1,2,11,18,70
2026-01-22 22:21:38.006156,1,2,3,18,70
2026-01-22 22:21:41.802787,1,2,6,18,70
2026-01-22 22:21:45.170576,1,1,5,17,70
2026-01-22 22:21:48.448209,1,1,1,17,70
2026-01-22 22:21:51.254081,1,2,5,17,70
2026-01-22 22:21:55.109756,1,2,1,17,70
2026-01-22 22:21:57.970830,1,2,6,16,70
2026-01-22 22:22:00.765341,1,2,6,16,70
2026-01-22 22:22:04.217188,1,2,2,16,70
2026-01-22 22:22:07.186708,1,2,3,16,69
2026-01-22 22:22:09.950893,1,2,5,16,66
2026-01-22 22:22:12.807217,1,2,4,16,63
2026-01-22 22:22:16.624930,1,2,5,16,62
2026-01-22 22:22:20.498726,1,2,7,16,62
2026-01-22 22:22:24.390316,1,2,2,16,62
2026-01-22 22:22:27.666355,1,2,8,16,62
2026-01-22 22:22:30.536085,1,2,4,16,62
2026-01-22 22:22:33.401067,1,2,8,15,62
2026-01-22 22:22:36.226608,1,2,12,15,62
2026-01-22 22:22:39.585439,1,2,1,15,62
2026-01-22 22:22:44.050736,1,2,1,15,65
2026-01-22 22:22:47.340685,1,2,3,15,68
2026-01-22 22:22:50.296910,1,2,1,16,68
2026-01-22 22:22:53.164302,1,1,4,16,68
2026-01-22 22:22:55.936123,1,2,3,16,68
2026-01-22 22:22:59.820215,1,2,6,16,68
2026-01-22 22:23:02.772539,1,2,6,16,68
2026-01-22 22:23:07.196296,1,2,8,16,68
2026-01-22 22:23:09.957784,1,2,3,16,68
2026-01-22 22:23:12.825034,1,2,4,16,68
2026-01-22 22:23:16.717215,1,2,4,16,68
2026-01-22 22:23:20.095204,1,2,4,16,68
2026-01-22 22:23:23.755347,1,2,2,16,68
2026-01-22 22:23:26.665253,1,2,11,16,68
2026-01-22 22:23:29.535509,1,2,4,16,68
2026-01-22 22:23:33.407301,1,2,5,16,68
2026-01-22 22:23:36.274405,1,2,3,16,68
2026-01-22 22:23:39.654161,1,2,4,16,68
2026-01-22 22:23:43.441975,1,2,3,16,68
2026-01-22 22:23:47.204456,1,2,1,16,68
2026-01-22 22:23:50.511712,1,2,3,16,68
2026-01-22 22:23:54.503419,1,2,4,16,68
2026-01-22 22:23:58.705424,1,2,4,16,68
2026-01-22 22:24:01.976809,1,2,5,16,68
2026-01-22 22:24:06.285651,1,2,2,16,68
2026-01-22 22:24:11.338447,1,2,1,16,66
2026-01-22 22:24:14.337419,1,2,5,16,66
2026-01-22 22:24:17.150410,1,2,1,16,66
2026-01-22 22:24:20.102230,1,2,4,16,66
2026-01-22 22:24:23.797548,1,2,3,16,66
2026-01-22 22:24:27.788498,1,2,5,16,68
2026-01-22 22:24:31.467630,1,2,2,16,74
2026-01-22 22:24:35.256501,1,2,4,16,74
2026-01-22 22:24:38.506233,1,2,4,16,74
2026-01-22 22:24:42.336282,1,2,7,16,74
2026-01-22 22:24:46.726217,1,2,5,16,74
2026-01-22 22:24:50.286264,1,2,9,16,77
2026-01-22 22:24:53.893973,1,2,3,16,78
2026-01-22 22:24:56.702876,1,2,6,16,76
2026-01-22 22:24:59.549817,1,2,2,16,73
2026-01-22 22:25:03.418998,1,2,12,16,71
2026-01-22 22:25:07.720302,1,2,5,16,71
2026-01-22 22:25:09.664207,1,2,11,16,71
2026-01-22 22:25:13.452493,1,2,10,16,71
2026-01-22 22:25:17.226141,1,2,8,16,71
2026-01-22 22:25:20.620352,1,2,6,16,71
2026-01-22 22:25:24.337042,1,2,11,16,71
2026-01-22 22:25:28.811884,1,2,8,16,69
2026-01-22 22:25:32.088014,1,2,11,16,69
2026-01-22 22:25:36.307144,1,2,3,16,69
2026-01-22 22:25:41.309593,1,2,3,16,69
2026-01-22 22:25:44.187676,1,1,4,15,67
2026-01-22 22:25:47.141905,1,2,3,15,66
2026-01-22 22:25:50.850388,1,2,5,13,66
2026-01-22 22:25:53.901381,1,2,1,13,66
2026-01-22 22:25:56.666016,1,2,8,12,69
2026-01-22 22:26:00.467236,1,2,9,12,72
2026-01-22 22:26:03.320438,1,1,3,11,75
2026-01-22 22:26:07.211480,1,2,5,11,69
2026-01-22 22:26:10.007482,1,2,8,12,70
2026-01-22 22:26:12.868287,1,2,2,13,73
2026-01-22 22:26:16.725607,1,2,5,14,76
2026-01-22 22:26:19.602584,1,2,11,14,79
2026-01-22 22:26:22.503884,1,2,4,14,82
2026-01-22 22:26:26.360263,1,2,4,16,85
2026-01-22 22:26:29.297830,1,2,8,16,85
2026-01-22 22:26:32.056093,1,2,5,16,81
2026-01-22 22:26:35.836245,1,2,1,16,78
2026-01-22 22:26:38.751521,1,2,4,16,75
2026-01-22 22:26:41.558730,1,2,6,16,77
2026-01-22 22:26:45.411749,1,2,4,17,79
2026-01-22 22:26:48.375882,1,2,5,17,79
2026-01-22 22:26:51.755354,1,2,5,17,79
2026-01-22 22:26:55.548797,1,2,9,16,85
2026-01-22 22:26:58.416641,1,2,3,16,88
2026-01-22 22:27:01.791211,1,2,21,16,90
2026-01-22 22:27:04.659405,1,2,15,16,90
2026-01-22 22:27:07.426982,1,2,35,17,90
2026-01-22 22:27:11.286119,1,2,19,17,89
2026-01-22 22:27:14.595238,1,2,6,16,86
2026-01-22 22:27:18.408326,1,2,11,17,83
2026-01-22 22:27:21.349062,1,2,4,17,83
2026-01-22 22:27:25.240015,1,2,6,17,81
2026-01-22 22:27:28.106843,1,2,11,18,81
2026-01-22 22:27:31.077153,1,2,7,18,81
2026-01-22 22:27:34.763293,1,2,6,18,81
2026-01-22 22:27:38.244429,1,2,6,19,83
2026-01-22 22:27:41.010392,1,2,7,19,86
2026-01-22 22:27:43.877195,1,2,1,20,88
2026-01-22 22:27:46.743837,1,2,9,16,88
2026-01-22 22:27:49.450769,1,2,2,14,82
2026-01-22 22:27:53.399684,1,2,5,13,76
2026-01-22 22:27:56.687656,1,2,1,12,71
2026-01-22 22:27:59.505167,1,1,2,12,68
2026-01-22 22:28:02.414935,1,2,3,13,65
2026-01-22 22:28:05.395592,1,2,6,14,67
2026-01-22 22:28:08.146439,1,2,2,14,67
2026-01-22 22:28:11.936264,1,2,8,15,70
2026-01-22 22:28:15.826263,1,1,10,15,73
2026-01-22 22:28:19.105168,1,2,4,16,70
2026-01-22 22:28:21.970135,1,2,7,16,67
2026-01-22 22:28:25.860624,1,2,2,16,64
2026-01-22 22:28:28.764668,1,2,4,16,64
2026-01-22 22:28:31.472693,1,2,6,16,66
2026-01-22 22:28:35.337348,1,2,9,16,69
2026-01-22 22:28:38.355863,1,2,2,16,72
2026-01-22 22:28:41.637369,1,2,5,16,75
2026-01-22 22:28:45.520401,1,2,12,16,77
2026-01-22 22:28:48.388447,1,2,1,16,77
2026-01-22 22:28:51.737676,1,2,3,16,77
2026-01-22 22:28:55.560654,1,2,1,16,77
2026-01-22 22:28:58.406462,1,2,3,16,76
2026-01-22 22:29:02.411835,1,2,2,16,76
2026-01-22 22:29:05.694001,1,2,4,16,76
2026-01-22 22:29:09.487708,1,2,4,16,73
2026-01-22 22:29:12.452222,1,2,14,16,70
2026-01-22 22:29:15.746560,1,2,9,16,67
2026-01-22 22:29:19.620469,1,2,9,16,66
2026-01-22 22:29:23.318431,1,2,13,16,66
2026-01-22 22:29:26.687174,1,2,8,16,66
2026-01-22 22:29:30.437487,1,2,33,16,68
2026-01-22 22:29:34.987384,1,2,22,16,68
2026-01-22 22:29:38.154689,1,2,5,16,67
2026-01-22 22:29:41.943522,1,2,3,16,67
2026-01-22 22:29:45.825516,1,2,9,15,73
2026-01-22 22:29:48.703633,1,2,14,14,76
2026-01-22 22:29:51.491322,1,2,4,13,76
2026-01-22 22:29:54.437360,1,2,4,15,79
2026-01-22 22:29:57.815864,1,2,17,15,80
2026-01-22 22:30:01.605464,1,2,1,16,80
2026-01-22 22:30:05.508069,1,2,8,16,80
2026-01-22 22:30:08.874690,1,2,6,15,80
2026-01-22 22:30:11.742325,1,2,9,15,80
2026-01-22 22:30:16.477568,1,2,7,15,80
2026-01-22 22:30:19.870556,1,2,36,15,80
2026-01-22 22:30:22.815651,1,2,16,15,80
2026-01-22 22:30:26.189185,1,2,11,15,80
2026-01-22 22:30:29.920397,1,2,61,15,80
2026-01-22 22:30:33.860178,1,2,13,15,78
2026-01-22 22:30:37.546178,1,2,5,15,70
2026-01-22 22:30:41.388685,1,2,7,15,67
2026-01-22 22:30:44.689391,1,2,3,15,65
2026-01-22 22:30:48.147432,1,2,4,15,65
2026-01-22 22:30:51.063364,1,2,5,15,65
2026-01-22 22:30:53.867565,1,2,12,15,65
2026-01-22 22:30:56.699749,1,2,3,15,65
2026-01-22 22:31:00.588590,1,2,3,15,65
2026-01-22 22:31:04.889633,1,2,8,15,65
2026-01-22 22:31:08.189511,1,2,20,15,65
2026-01-22 22:31:10.623226,1,2,7,15,67
2026-01-22 22:31:14.513189,1,2,7,14,67
2026-01-22 22:31:17.340031,1,2,6,15,70
2026-01-22 22:31:20.247727,1,2,23,15,71
2026-01-22 22:31:24.035734,1,2,8,16,71
2026-01-22 22:31:27.824997,1,2,17,16,71
2026-01-22 22:31:31.334972,1,2,11,16,71
2026-01-22 22:31:34.180057,1,2,19,16,71
2026-01-22 22:31:37.041041,1,2,11,17,71
2026-01-22 22:31:40.940873,1,2,17,18,72
2026-01-22 22:31:44.262163,1,2,13,19,75
2026-01-22 22:31:48.211238,1,2,1,21,77
2026-01-22 22:31:50.968576,1,2,4,21,77
2026-01-22 22:31:55.389859,1,1,1,22,77
2026-01-22 22:31:58.340062,1,2,3,22,77
2026-01-22 22:32:01.104450,1,2,4,22,77
2026-01-22 22:32:04.923366,1,2,1,23,77
2026-01-22 22:32:08.272831,1,2,2,23,79
2026-01-22 22:32:11.551165,1,2,2,24,82
2026-01-22 22:32:14.528642,1,2,8,24,85
2026-01-22 22:32:17.352145,1,2,4,23,86
2026-01-22 22:32:20.235200,1,2,8,23,86
2026-01-22 22:32:24.045772,1,2,2,19,86
2026-01-22 22:32:27.943492,1,2,4,17,86
2026-01-22 22:32:31.220898,1,2,8,17,84
2026-01-22 22:32:34.196134,1,2,2,17,78
2026-01-22 22:32:37.984941,1,2,8,16,72
2026-01-22 22:32:40.838088,1,2,4,16,69
2026-01-22 22:32:43.604355,1,2,3,15,66
2026-01-22 22:32:47.441858,1,2,2,15,63
2026-01-22 22:32:50.756007,1,2,6,15,62
2026-01-22 22:32:53.635975,1,2,4,15,65
2026-01-22 22:32:56.480315,1,2,5,15,68
2026-01-22 22:32:59.882235,1,2,3,15,71
2026-01-22 22:33:02.583767,1,2,7,15,74
2026-01-22 22:33:05.514233,1,2,11,15,77
2026-01-22 22:33:08.486373,1,2,24,15,80
2026-01-22 22:33:11.760815,1,2,15,15,83
2026-01-22 22:33:15.769457,1,2,18,15,86
2026-01-22 22:33:18.480785,1,2,26,15,84
2026-01-22 22:33:21.898204,1,2,32,15,78
2026-01-22 22:33:25.692545,1,2,11,15,69
2026-01-22 22:33:29.479289,1,2,11,15,72
2026-01-22 22:33:32.425478,1,2,22,18,75
2026-01-22 22:33:35.729426,1,2,27,19,78
2026-01-22 22:33:39.620254,1,2,10,20,79
2026-01-22 22:33:42.686986,1,2,5,20,82
2026-01-22 22:33:45.963459,1,2,7,20,85
2026-01-22 22:33:49.776038,1,2,17,19,78
2026-01-22 22:33:52.629098,1,2,3,19,75
2026-01-22 22:33:56.131051,1,2,4,19,74
2026-01-22 22:33:58.862856,1,2,4,20,77
2026-01-22 22:34:01.639768,1,2,2,20,80
2026-01-22 22:34:05.534018,1,2,2,19,81
2026-01-22 22:34:08.780200,1,2,5,18,81
2026-01-22 22:34:12.607236,1,1,5,18,81
2026-01-22 22:34:15.557748,1,2,4,18,81
2026-01-22 22:34:19.449380,1,2,2,17,81
2026-01-22 22:34:22.333499,1,2,4,17,81
2026-01-22 22:34:25.083663,1,2,3,17,81
2026-01-22 22:34:28.974548,1,2,1,17,81
2026-01-22 22:34:32.248641,1,2,2,17,81
2026-01-22 22:34:35.126639,1,2,3,17,81
2026-01-22 22:34:37.984963,1,2,3,17,81
2026-01-22 22:34:40.848373,1,2,8,17,81
2026-01-22 22:34:43.819752,1,1,9,17,78
2026-01-22 22:34:47.504591,1,2,3,17,75
2026-01-22 22:34:50.898007,1,2,2,17,74
2026-01-22 22:34:53.648347,1,2,3,17,77
2026-01-22 22:34:56.529592,1,2,2,17,79
2026-01-22 22:34:59.486724,1,2,2,17,79
2026-01-22 22:35:02.271327,1,2,2,17,79
2026-01-22 22:35:06.142658,1,2,34,17,79
2026-01-22 22:35:09.932577,1,2,19,17,79
2026-01-22 22:35:13.310333,1,2,8,17,79
2026-01-22 22:35:16.190053,1,2,38,17,79
2026-01-22 22:35:20.002167,1,2,19,17,79
2026-01-22 22:35:22.939253,1,2,14,17,79
2026-01-22 22:35:25.710893,1,2,2,17,81
2026-01-22 22:35:29.588127,1,2,7,17,81
2026-01-22 22:35:32.480099,1,2,6,17,81
2026-01-22 22:35:35.785604,1,2,8,18,81
2026-01-22 22:35:39.723690,1,2,1,19,81
2026-01-22 22:35:43.207694,1,2,1,20,81
2026-01-22 22:35:47.035219,1,2,4,21,81
2026-01-22 22:35:50.384993,1,2,6,20,79
2026-01-22 22:35:53.630574,1,2,4,19,73
2026-01-22 22:35:56.619861,1,2,7,19,70
2026-01-22 22:35:59.490093,1,2,6,18,67
2026-01-22 22:36:02.359705,1,1,2,18,64
2026-01-22 22:36:06.148839,1,2,3,18,64
2026-01-22 22:36:09.957616,1,2,4,18,64
2026-01-22 22:36:13.681613,1,1,9,18,64
2026-01-22 22:36:17.518813,1,2,11,18,64
2026-01-22 22:36:20.892102,1,2,9,17,64
2026-01-22 22:36:24.882332,1,2,11,17,64
2026-01-22 22:36:29.098321,1,2,11,16,64
2026-01-22 22:36:32.503095,1,2,3,16,64
2026-01-22 22:36:36.147643,1,2,2,16,64
2026-01-22 22:36:38.997345,1,2,3,16,64
2026-01-22 22:36:41.899054,1,2,4,16,64
2026-01-22 22:36:45.804125,1,2,3,16,64
2026-01-22 22:36:48.639127,1,2,3,16,64
2026-01-22 22:36:52.036711,1,2,5,16,64
2026-01-22 22:36:55.723358,1,2,6,16,64
2026-01-22 22:37:00.272193,1,2,2,16,64
2026-01-22 22:37:03.183739,1,2,4,16,64
2026-01-22 22:37:06.049167,1,2,8,16,64
2026-01-22 22:37:08.929471,1,2,15,16,64
2026-01-22 22:37:12.703414,1,2,19,16,64
2026-01-22 22:37:17.007783,1,2,15,16,64
2026-01-22 22:37:19.873610,1,2,9,16,64
2026-01-22 22:37:22.681270,1,2,10,15,64
2026-01-22 22:37:26.584321,1,2,12,16,64
2026-01-22 22:37:29.599477,1,2,16,17,64
2026-01-22 22:37:32.364652,1,2,10,17,64
2026-01-22 22:37:36.255209,1,2,8,16,64
2026-01-22 22:37:40.044839,1,2,6,16,70
2026-01-22 22:37:42.911286,1,2,4,18,73
2026-01-22 22:37:45.779380,1,2,3,20,73
2026-01-22 22:37:48.646878,1,2,2,21,76
2026-01-22 22:37:51.970249,1,2,8,21,79
2026-01-22 22:37:55.813222,1,2,3,22,85
2026-01-22 22:37:58.690686,1,2,3,22,88
2026-01-22 22:38:01.550202,1,2,4,21,89
2026-01-22 22:38:04.336929,1,2,7,21,89
2026-01-22 22:38:07.283885,1,2,3,20,89
2026-01-22 22:38:11.086258,1,2,1,19,89
2026-01-22 22:38:14.329029,1,2,3,18,89
2026-01-22 22:38:17.191015,1,2,1,18,89
2026-01-22 22:38:20.096296,1,1,2,17,89
2026-01-22 22:38:22.973715,1,2,5,17,89
2026-01-22 22:38:25.828121,1,2,4,17,89
2026-01-22 22:38:29.590098,1,2,2,17,89
2026-01-22 22:38:32.994088,1,2,12,17,89
2026-01-22 22:38:36.897349,1,2,2,17,85
2026-01-22 22:38:40.673105,1,2,7,17,78
2026-01-22 22:38:44.249955,1,1,3,17,75
2026-01-22 22:38:47.123173,1,2,3,17,73
2026-01-22 22:38:49.885236,1,1,3,17,72
2026-01-22 22:38:53.688166,1,2,8,17,69
2026-01-22 22:38:56.573308,1,2,3,17,66
2026-01-22 22:38:59.920618,1,1,3,16,64
2026-01-22 22:39:03.786092,1,2,8,16,64
2026-01-22 22:39:06.683427,1,2,32,16,64
2026-01-22 22:39:10.073158,1,2,54,16,64
2026-01-22 22:39:13.850262,1,2,22,16,64
2026-01-22 22:39:16.823086,1,2,8,16,64
2026-01-22 22:39:20.706568,1,2,20,18,64
2026-01-22 22:39:23.581135,1,2,13,20,64
2026-01-22 22:39:26.438343,1,2,15,20,64
2026-01-22 22:39:30.233735,1,2,15,21,64
2026-01-22 22:39:34.024960,1,2,24,21,64
2026-01-22 22:39:37.818731,1,2,7,21,64
2026-01-22 22:39:41.673318,1,2,7,19,64
2026-01-22 22:39:44.997032,1,2,3,19,64
2026-01-22 22:39:48.775913,1,2,4,19,66
2026-01-22 22:39:53.060719,1,2,5,18,72
2026-01-22 22:39:56.387852,1,2,7,17,75
2026-01-22 22:40:00.229904,1,2,4,16,78
2026-01-22 22:40:03.097682,1,2,8,15,79
2026-01-22 22:40:05.971218,1,2,9,15,79
2026-01-22 22:40:09.869536,1,2,4,15,77
2026-01-22 22:40:12.664487,1,2,7,15,78
2026-01-22 22:40:16.101477,1,2,9,16,81
2026-01-22 22:40:19.788199,1,2,9,16,81
2026-01-22 22:40:22.757776,1,2,6,16,81
2026-01-22 22:40:27.774957,1,2,5,17,81
2026-01-22 22:40:31.678407,1,2,4,17,81
2026-01-22 22:40:34.431297,1,2,2,17,79
2026-01-22 22:40:37.302330,1,2,6,17,79
2026-01-22 22:40:41.091938,1,2,2,17,80
2026-01-22 22:40:44.296595,1,2,8,17,81
2026-01-22 22:40:46.763422,1,2,2,17,79
2026-01-22 22:40:50.825856,1,2,2,16,76
2026-01-22 22:40:53.581455,1,2,2,16,73
2026-01-22 22:40:56.445579,1,2,3,16,70
2026-01-22 22:41:00.234303,1,2,2,16,70
2026-01-22 22:41:03.222608,1,2,2,16,70
2026-01-22 22:41:07.625794,1,2,24,16,66
2026-01-22 22:41:10.477462,1,2,24,16,65
2026-01-22 22:41:13.245295,1,2,11,16,65
2026-01-22 22:41:17.129549,1,2,9,16,65
2026-01-22 22:41:20.444638,1,2,13,16,65
2026-01-22 22:41:24.300860,1,2,9,16,65
2026-01-22 22:41:27.173661,1,2,8,16,65
2026-01-22 22:41:30.048674,1,2,9,16,65
2026-01-22 22:41:33.823141,1,2,3,16,65
2026-01-22 22:41:36.906217,1,2,4,16,65
2026-01-22 22:41:40.073233,1,2,5,16,65
2026-01-22 22:41:43.978844,1,2,2,16,65
2026-01-22 22:41:47.647025,1,2,3,16,65
2026-01-22 22:41:50.937465,1,2,12,16,65
2026-01-22 22:41:54.821668,1,2,4,16,65
2026-01-22 22:41:59.119451,1,2,3,16,65
2026-01-22 22:42:02.430658,1,2,2,16,65
2026-01-22 22:42:06.795741,1,2,3,16,65
2026-01-22 22:42:10.189778,1,2,3,16,65
2026-01-22 22:42:13.163727,1,2,4,16,65
2026-01-22 22:42:15.922752,1,2,6,16,65
2026-01-22 22:42:18.712764,1,2,2,16,65
2026-01-22 22:42:22.155075,1,2,1,16,65
2026-01-22 22:42:25.963199,1,2,4,16,68
2026-01-22 22:42:28.825823,1,2,2,16,68
2026-01-22 22:42:32.151883,1,1,1,16,68
2026-01-22 22:42:35.074958,1,2,2,16,67
2026-01-22 22:42:37.930720,1,2,4,16,67
2026-01-22 22:42:41.726544,1,2,2,15,67
2026-01-22 22:42:45.114531,1,2,2,15,67
2026-01-22 22:42:48.800195,1,2,7,15,67
2026-01-22 22:42:51.757293,1,1,1,15,69
2026-01-22 22:42:55.649582,1,2,6,15,67
2026-01-22 22:42:58.427923,1,2,3,15,67
