Timestamp,Presence,Movement,MovingRange,BreathingRate,HeartRate,PredHeart,PredBreath,AnomalyScore,IsAnomaly
2025-12-11 14:56:35.917789,1,2,3,19,76,75.726,18.283,0.000000,0
2025-12-11 14:56:39.193061,1,2,9,19,76,76.641,18.107,0.000414,0
2025-12-11 14:56:42.066808,1,2,2,17,74,72.318,16.145,0.001197,0
2025-12-11 14:56:44.910677,1,1,1,18,71,70.320,16.955,0.002806,0
2025-12-11 14:56:48.296030,1,2,25,18,68,72.627,17.733,0.001041,0
2025-12-11 14:56:51.156100,1,2,24,23,106,112.670,22.647,0.056718,0
2025-12-11 14:56:53.977476,1,2,14,23,109,101.823,21.282,0.000517,0
2025-12-11 14:56:56.863062,1,2,49,24,112,113.996,23.263,0.009119,0
2025-12-11 14:57:00.162106,1,2,35,23,115,112.544,21.703,0.000086,0
2025-12-11 14:57:04.051165,1,2,76,23,118,117.494,22.440,0.002270,0
2025-12-11 14:57:06.931420,1,2,71,23,121,120.225,22.631,0.000632,0
2025-12-11 14:57:10.336700,1,2,64,24,108,109.282,22.922,0.006133,0
2025-12-11 14:57:14.122688,1,2,47,24,114,117.733,23.224,0.001620,0
2025-12-11 14:57:17.911922,1,2,100,23,117,115.078,22.460,0.000057,0
2025-12-11 14:57:20.877727,1,2,9,23,120,124.202,21.970,0.000985,0
2025-12-11 14:57:24.219943,1,2,37,24,123,123.128,22.505,0.003341,0
2025-12-11 14:57:28.090857,1,2,100,23,126,121.902,22.494,0.000452,0
2025-12-11 14:57:30.961268,1,2,87,24,108,109.931,22.861,0.007805,0
2025-12-11 14:57:34.315414,1,2,7,23,111,117.966,21.573,0.000051,0
2025-12-11 14:57:38.082176,1,2,4,23,117,119.425,21.077,0.001658,0
2025-12-11 14:57:41.610940,1,2,2,24,120,121.080,21.970,0.006846,0
2025-12-11 14:57:44.999386,1,1,1,23,123,122.428,21.109,0.000963,0
2025-12-11 14:57:47.879315,1,2,8,22,123,118.864,20.145,0.000646,0
2025-12-11 14:57:50.687416,1,2,2,22,117,112.893,19.965,0.002859,0
2025-12-11 14:57:54.473113,1,2,10,20,111,106.303,18.174,0.000112,0
2025-12-11 14:57:58.334682,1,2,2,20,105,100.904,18.278,0.002720,0
2025-12-11 14:58:02.097906,1,1,1,20,93,89.280,18.319,0.004308,0
2025-12-11 14:58:06.004945,1,1,1,20,87,84.784,18.862,0.002421,0
2025-12-11 14:58:09.490413,1,1,1,19,81,78.659,18.071,0.000459,0
2025-12-11 14:58:12.231815,1,1,1,17,75,73.195,16.489,0.001333,0
2025-12-11 14:58:16.080489,1,1,1,15,76,75.409,14.977,0.002017,0
2025-12-11 14:58:18.981014,1,1,3,13,79,78.241,13.417,0.003526,0
2025-12-11 14:58:21.936648,1,1,1,12,79,77.060,12.721,0.001625,0
2025-12-11 14:58:25.275621,1,1,1,11,75,73.131,11.872,0.002502,0
2025-12-11 14:58:28.111155,1,1,1,14,75,74.184,14.260,0.003730,0
2025-12-11 14:58:31.011146,1,1,2,16,72,70.550,15.364,0.002570,0
2025-12-11 14:58:34.362193,1,1,1,17,72,71.061,15.843,0.002206,0
2025-12-11 14:58:38.132301,1,1,1,18,72,70.746,16.535,0.003749,0
2025-12-11 14:58:42.119112,1,1,1,19,71,69.725,17.385,0.004865,0
2025-12-11 14:58:45.266683,1,2,1,15,68,67.464,14.420,0.004643,0
2025-12-11 14:58:48.115236,1,1,1,15,65,65.376,14.380,0.000457,0
2025-12-11 14:58:51.160755,1,1,1,16,64,64.634,15.334,0.002158,0
2025-12-11 14:58:53.906922,1,1,1,18,64,64.710,16.718,0.005699,0
2025-12-11 14:58:56.709261,1,1,1,18,64,64.538,16.510,0.001330,0
2025-12-11 14:59:01.759099,1,1,1,19,64,64.851,17.370,0.004969,0
2025-12-11 14:59:05.671744,1,1,1,19,64,64.622,17.385,0.002149,0
2025-12-11 14:59:08.583677,1,1,1,19,64,64.785,17.418,0.002100,0
2025-12-11 14:59:11.388447,1,1,3,19,64,65.356,17.522,0.002022,0
2025-12-11 14:59:15.310329,1,2,1,19,64,65.348,17.976,0.001804,0
2025-12-11 14:59:18.560949,1,1,1,20,66,66.852,18.202,0.003292,0
2025-12-11 14:59:22.366697,1,1,1,19,69,68.849,17.418,0.000653,0
2025-12-11 14:59:25.392196,1,2,5,17,72,72.918,16.426,0.000447,0
2025-12-11 14:59:29.796044,1,2,3,18,73,72.735,17.433,0.001982,0
2025-12-11 14:59:32.598425,1,2,86,17,70,86.672,17.577,0.000382,0
2025-12-11 14:59:35.408698,1,2,27,19,106,108.335,19.127,0.013201,0
2025-12-11 14:59:39.272397,1,2,11,24,109,103.798,22.396,0.019010,0
2025-12-11 14:59:42.270739,1,2,76,24,112,115.100,23.104,0.004143,0
2025-12-11 14:59:45.571758,1,2,62,23,115,114.472,22.153,0.000009,0
2025-12-11 14:59:50.353624,1,2,61,23,121,120.958,22.555,0.001895,0
2025-12-11 14:59:53.759021,1,2,41,24,124,124.322,23.115,0.001957,0
2025-12-11 14:59:56.664239,1,2,88,24,125,122.945,23.357,0.000641,0
2025-12-11 14:59:59.426449,1,2,11,23,108,111.655,21.140,0.007026,0
2025-12-11 15:00:02.346760,1,2,85,24,111,111.900,23.052,0.006556,0
2025-12-11 15:00:05.808384,1,2,18,24,114,118.419,22.536,0.000856,0
2025-12-11 15:00:09.227124,1,2,100,24,117,114.995,23.058,0.001777,0
2025-12-11 15:00:12.017856,1,2,81,24,120,121.130,23.600,0.001486,0
2025-12-11 15:00:15.830958,1,2,15,24,123,127.340,22.613,0.000236,0
2025-12-11 15:00:19.686978,1,2,12,23,126,127.092,21.283,0.000175,0
2025-12-11 15:00:23.049027,1,2,74,24,111,109.719,22.291,0.013931,0
2025-12-11 15:00:25.871242,1,2,54,24,114,117.305,22.846,0.002906,0
2025-12-11 15:00:29.814333,1,2,56,24,117,118.361,22.547,0.001069,0
2025-12-11 15:00:32.646957,1,2,46,24,120,121.686,22.836,0.001772,0
2025-12-11 15:00:35.431849,1,2,53,23,123,122.659,21.954,0.000075,0
2025-12-11 15:00:39.345930,1,2,97,23,126,122.722,22.649,0.001222,0
2025-12-11 15:00:42.676222,1,2,27,24,127,130.395,22.918,0.002027,0
2025-12-11 15:00:45.415498,1,2,100,23,125,120.983,22.184,0.000908,0
2025-12-11 15:00:48.344210,1,2,100,24,126,125.645,23.945,0.003418,0
2025-12-11 15:00:51.237637,1,2,100,24,127,126.354,23.655,0.000059,0
2025-12-11 15:00:54.108106,1,2,39,24,125,129.108,23.021,0.000152,0
2025-12-11 15:00:57.893918,1,2,87,23,125,123.177,22.322,0.000524,0
2025-12-11 15:01:01.769798,1,2,91,23,127,125.855,22.823,0.000821,0
2025-12-11 15:01:05.026271,1,2,51,23,126,127.724,22.093,0.000026,0
2025-12-11 15:01:07.894798,1,2,100,24,125,123.439,23.446,0.003140,0
2025-12-11 15:01:11.803219,1,2,16,24,126,131.678,22.727,0.000449,0
2025-12-11 15:01:14.676468,1,2,98,24,126,122.850,22.972,0.002295,0
2025-12-11 15:01:17.473729,1,2,47,23,106,110.357,21.398,0.008802,0
2025-12-11 15:01:21.391431,1,2,33,23,109,113.787,21.536,0.002110,0
2025-12-11 15:01:24.259809,1,2,50,23,112,113.398,21.595,0.001814,0
2025-12-11 15:01:27.055128,1,2,20,23,115,117.702,21.465,0.001659,0
2025-12-11 15:01:30.943435,1,2,13,23,118,119.327,21.173,0.001887,0
2025-12-11 15:01:33.810523,1,2,16,24,121,121.614,22.130,0.006482,0
2025-12-11 15:01:36.616368,1,2,57,23,124,121.222,21.596,0.000782,0
2025-12-11 15:01:40.434581,1,2,100,23,107,105.384,21.806,0.007848,0
2025-12-11 15:01:44.395641,1,2,72,23,113,116.123,22.658,0.002938,0
2025-12-11 15:01:47.804340,1,2,73,24,116,117.654,23.210,0.001442,0
2025-12-11 15:01:50.713456,1,2,86,23,119,118.974,22.697,0.000091,0
2025-12-11 15:01:53.526315,1,2,30,23,122,125.191,22.140,0.000357,0
2025-12-11 15:01:57.328779,1,2,60,23,125,124.055,22.080,0.000592,0
2025-12-11 15:02:00.684813,1,2,38,23,126,126.991,21.898,0.000795,0
2025-12-11 15:02:04.057755,1,2,60,24,125,124.672,22.726,0.003658,0
2025-12-11 15:02:06.902920,1,2,67,23,126,125.173,22.053,0.000115,0
2025-12-11 15:02:09.831957,1,2,100,23,107,106.871,21.821,0.010956,0
2025-12-11 15:02:12.677924,1,2,100,24,110,113.671,23.805,0.004101,0
2025-12-11 15:02:16.432641,1,2,30,23,113,118.134,21.799,0.000532,0
2025-12-11 15:02:20.832555,1,2,82,24,119,119.058,23.361,0.003898,0
2025-12-11 15:02:23.733961,1,2,100,23,122,120.483,22.818,0.000372,0
2025-12-11 15:02:26.526062,1,2,6,23,125,130.044,21.794,0.000659,0
2025-12-11 15:02:30.381054,1,1,2,24,127,130.463,22.474,0.004181,0
2025-12-11 15:02:33.317287,1,1,1,24,126,127.483,22.369,0.002480,0
2025-12-11 15:02:36.091367,1,2,15,24,125,123.267,22.030,0.002319,0
2025-12-11 15:02:39.939579,1,2,4,24,126,124.279,21.782,0.003337,0
2025-12-11 15:02:42.861311,1,2,4,22,126,121.489,19.754,0.000130,0
2025-12-11 15:02:47.284119,1,2,3,20,114,107.720,17.835,0.001787,0
2025-12-11 15:02:50.080889,1,2,1,17,108,101.916,15.413,0.000560,0
2025-12-11 15:02:52.971964,1,1,2,18,102,96.926,16.674,0.005353,0
2025-12-11 15:02:56.397513,1,1,1,17,96,91.565,16.073,0.000112,0
2025-12-11 15:02:59.353335,1,2,32,17,90,89.945,16.908,0.000763,0
2025-12-11 15:03:02.729343,1,2,10,16,86,84.009,15.527,0.001143,0
2025-12-11 15:03:05.577101,1,2,13,14,84,82.645,13.651,0.001865,0
2025-12-11 15:03:09.340992,1,1,3,13,84,81.107,12.701,0.000396,0
2025-12-11 15:03:12.698700,1,2,2,11,84,81.532,11.458,0.002575,0
2025-12-11 15:03:16.963581,1,2,3,12,84,81.942,12.502,0.000424,0
2025-12-11 15:03:20.821354,1,1,1,14,83,80.157,13.814,0.001831,0
2025-12-11 15:03:24.377355,1,1,1,17,83,81.161,16.231,0.008369,0
2025-12-11 15:03:27.717505,1,1,2,18,83,80.609,16.887,0.002608,0
2025-12-11 15:03:31.493411,1,1,1,19,83,80.233,17.766,0.003749,0
2025-12-11 15:03:34.445399,1,2,1,20,83,80.790,19.011,0.004230,0
2025-12-11 15:03:37.805495,1,2,18,20,83,84.694,19.003,0.000933,0
2025-12-11 15:03:41.586790,1,2,13,21,83,82.212,19.791,0.003281,0
2025-12-11 15:03:45.386308,1,2,28,22,84,86.921,20.793,0.004002,0
2025-12-11 15:03:48.769790,1,2,2,22,84,80.267,20.414,0.001430,0
2025-12-11 15:03:51.555240,1,2,17,22,84,84.871,20.732,0.002445,0
2025-12-11 15:03:54.411067,1,2,2,22,84,81.084,20.686,0.001311,0
2025-12-11 15:03:57.346003,1,2,10,22,84,83.610,20.849,0.001645,0
2025-12-11 15:04:00.162126,1,2,27,22,84,85.402,21.055,0.001064,0
2025-12-11 15:04:03.490480,1,2,10,22,81,80.233,20.875,0.001315,0
2025-12-11 15:04:06.402099,1,2,51,23,78,82.975,22.136,0.003767,0
2025-12-11 15:04:09.332378,1,2,14,23,75,77.198,21.815,0.002569,0
2025-12-11 15:04:12.140481,1,2,40,23,74,78.732,21.954,0.001440,0
2025-12-11 15:04:15.929302,1,2,7,22,74,76.277,20.844,0.000696,0
2025-12-11 15:04:19.797587,1,2,9,22,74,75.785,20.726,0.001229,0
2025-12-11 15:04:23.598012,1,2,6,22,74,75.271,20.666,0.001397,0
2025-12-11 15:04:26.439616,1,2,4,21,74,74.422,19.648,0.000139,0
2025-12-11 15:04:29.315260,1,2,10,21,74,74.526,19.762,0.001469,0
2025-12-11 15:04:32.198135,1,2,12,21,74,74.860,19.843,0.001235,0
2025-12-11 15:04:34.996740,1,2,6,21,74,74.616,19.776,0.001094,0
2025-12-11 15:04:38.954054,1,2,8,22,76,77.308,20.775,0.004015,0
2025-12-11 15:04:42.177411,1,2,4,23,79,80.153,21.624,0.004051,0
2025-12-11 15:04:45.021991,1,2,34,24,82,85.525,22.794,0.004623,0
2025-12-11 15:04:47.928360,1,2,23,24,85,87.488,22.800,0.001173,0
2025-12-11 15:04:50.800802,1,2,2,23,88,88.533,21.655,0.000040,0
2025-12-11 15:04:53.636172,1,1,3,23,91,90.407,21.809,0.001636,0
2025-12-11 15:04:57.401678,1,1,1,23,92,89.508,22.007,0.001214,0
2025-12-11 15:05:00.785765,1,1,67,23,92,95.581,22.838,0.000982,0
2025-12-11 15:05:04.202157,1,1,3,23,91,89.942,22.512,0.000672,0
2025-12-11 15:05:07.040260,1,1,1,23,91,89.949,22.185,0.000225,0
2025-12-11 15:05:09.895719,1,1,1,22,88,85.151,21.129,0.000145,0
2025-12-11 15:05:12.728677,1,1,1,22,85,82.604,21.154,0.000608,0
2025-12-11 15:05:17.030981,1,2,2,21,83,80.841,20.163,0.000024,0
2025-12-11 15:05:20.886034,1,1,1,19,84,81.895,18.041,0.001391,0
2025-12-11 15:05:23.785409,1,2,2,19,84,81.615,18.515,0.000873,0
2025-12-11 15:05:26.619516,1,1,1,17,86,83.233,16.296,0.002432,0
2025-12-11 15:05:30.558298,1,1,1,16,86,82.684,15.665,0.000308,0
2025-12-11 15:05:33.388281,1,1,1,16,86,83.017,15.809,0.000431,0
2025-12-11 15:05:36.171619,1,2,6,16,86,84.801,16.126,0.000305,0
2025-12-11 15:05:39.995955,1,1,5,17,86,83.182,16.383,0.000655,0
2025-12-11 15:05:45.210657,1,1,1,16,85,81.196,15.339,0.000220,0
2025-12-11 15:05:45.731444,1,1,1,17,82,78.971,16.289,0.002228,0
2025-12-11 15:05:49.573213,1,1,1,15,79,75.994,14.579,0.001330,0
2025-12-11 15:05:52.466815,1,1,5,15,77,76.317,14.852,0.000173,0
2025-12-11 15:05:55.832400,1,1,1,15,77,74.826,14.803,0.000032,0
2025-12-11 15:05:59.687944,1,1,1,16,77,75.115,15.511,0.001292,0
2025-12-11 15:06:02.522790,1,1,1,16,77,74.697,15.338,0.000301,0
2025-12-11 15:06:05.907983,1,1,1,18,80,77.729,16.952,0.006542,0
2025-12-11 15:06:08.776537,1,1,1,19,82,78.349,17.569,0.003921,0
2025-12-11 15:06:11.591369,1,1,1,20,82,78.209,18.293,0.005141,0
2025-12-11 15:06:15.450196,1,1,1,21,82,78.319,19.098,0.006306,0
2025-12-11 15:06:18.804956,1,1,8,22,82,80.386,20.049,0.007159,0
2025-12-11 15:06:22.588694,1,2,1,22,82,78.616,20.410,0.003125,0
2025-12-11 15:06:25.480244,1,1,1,22,82,78.767,19.839,0.002376,0
2025-12-11 15:06:29.421535,1,2,28,22,79,83.232,20.973,0.003738,0
2025-12-11 15:06:32.181572,1,2,100,22,107,122.765,22.366,0.018357,0
2025-12-11 15:06:35.072945,1,2,52,24,110,105.996,23.140,0.007186,0
2025-12-11 15:06:41.149973,1,2,100,24,113,116.481,23.823,0.002112,0
2025-12-11 15:06:41.772696,1,2,100,23,116,116.086,22.832,0.000549,0
2025-12-11 15:06:44.575109,1,2,13,24,119,122.970,23.095,0.001354,0
2025-12-11 15:06:48.507741,1,2,20,23,122,121.932,21.479,0.000036,0
2025-12-11 15:06:53.659781,1,2,100,24,125,121.310,23.446,0.005377,0
2025-12-11 15:06:54.207275,1,2,99,24,127,125.420,23.639,0.001249,0
2025-12-11 15:06:58.060821,1,2,60,24,126,127.529,23.116,0.000115,0
2025-12-11 15:07:01.003769,1,2,11,24,125,129.191,22.427,0.000823,0
2025-12-11 15:07:05.410760,1,2,15,24,124,125.839,22.038,0.002815,0
2025-12-11 15:07:08.222331,1,2,2,23,118,119.209,20.598,0.002645,0
2025-12-11 15:07:11.086180,1,2,100,24,112,109.494,22.491,0.010869,0
2025-12-11 15:07:14.954877,1,2,100,24,107,108.895,23.095,0.002014,0
2025-12-11 15:07:18.223761,1,2,100,24,110,112.467,23.491,0.000694,0
2025-12-11 15:07:21.581969,1,2,100,23,113,114.008,22.894,0.000202,0
2025-12-11 15:07:24.522378,1,2,1,24,116,122.909,22.873,0.001102,0
2025-12-11 15:07:27.397776,1,2,1,23,119,121.661,21.141,0.000487,0
2025-12-11 15:07:30.241095,1,2,100,23,122,117.339,22.256,0.002768,0
