Timestamp,Presence,Movement,MovingRange,BreathingRate,HeartRate,FallState,DwellState
2025-12-03 00:07:51.129596,1,1,1,0,0,0,0
2025-12-03 00:08:05.193727,1,1,1,0,0,0,0
2025-12-03 00:08:18.642338,1,2,6,0,0,0,0
2025-12-03 00:08:33.160610,1,2,33,0,0,0,0
2025-12-03 00:08:46.131873,1,1,3,23,100,0,0
2025-12-03 00:08:58.939372,1,2,1,22,100,0,0
2025-12-03 00:09:11.761673,1,1,1,21,95,0,0
2025-12-03 00:09:24.669500,1,1,1,18,90,0,0
2025-12-03 00:09:38.124421,1,1,1,18,86,0,0
2025-12-03 00:09:51.486365,1,1,1,18,71,0,0
2025-12-03 00:10:04.355643,1,1,1,18,71,0,0
2025-12-03 00:10:17.306706,1,1,1,18,67,0,0
2025-12-03 00:10:31.218146,1,1,1,17,70,0,0
2025-12-03 00:10:45.128734,1,1,1,17,67,0,0
2025-12-03 00:10:57.943860,1,1,3,16,67,0,0
2025-12-03 00:11:10.804302,1,2,1,24,100,0,0
2025-12-03 00:11:24.670956,1,2,35,24,100,0,0
2025-12-03 00:11:37.531160,1,2,30,23,100,0,0
2025-12-03 00:11:50.343940,1,2,10,23,100,0,0
2025-12-03 00:12:04.255142,1,2,20,24,100,0,0
2025-12-03 00:12:17.620665,1,2,4,24,100,0,0
2025-12-03 00:12:30.385789,1,1,4,21,100,0,0
2025-12-03 00:12:43.298607,1,2,2,20,91,0,0
2025-12-03 00:12:58.817538,1,1,4,18,85,0,0
2025-12-03 00:13:12.682634,1,2,4,19,65,0,0
2025-12-03 00:13:26.000011,1,1,1,20,67,0,0
2025-12-03 00:13:39.405777,1,1,2,20,76,0,0
2025-12-03 00:13:52.317591,1,2,3,21,76,0,0
2025-12-03 00:14:05.135700,1,2,1,21,76,0,0
2025-12-03 00:14:17.947082,1,2,2,20,66,0,0
2025-12-03 00:14:30.810394,1,2,64,19,62,0,0
2025-12-03 00:14:44.725727,1,2,3,24,100,0,0
2025-12-03 00:14:57.585127,1,2,1,24,100,0,0
2025-12-03 00:15:10.401783,1,2,8,19,100,0,0
2025-12-03 00:15:24.267576,1,2,1,17,88,0,0
2025-12-03 00:15:39.332410,1,1,3,17,69,0,0
2025-12-03 00:15:53.298576,1,2,2,17,71,0,0
2025-12-03 00:16:06.159534,1,1,1,17,81,0,0
2025-12-03 00:16:19.021026,1,2,2,17,81,0,0
2025-12-03 00:16:31.935152,1,2,1,17,81,0,0
2025-12-03 00:16:45.355731,1,2,1,17,72,0,0
2025-12-03 00:16:58.158225,1,2,3,17,74,0,0
2025-12-03 00:17:11.674045,1,2,5,18,70,0,0
2025-12-03 00:17:24.484122,1,1,1,18,70,0,0
2025-12-03 00:17:37.347685,1,2,12,18,79,0,0
2025-12-03 00:17:50.215443,1,2,5,18,89,0,0
2025-12-03 00:18:03.025008,1,1,1,16,81,0,0
2025-12-03 00:18:15.937846,1,1,1,16,67,0,0
2025-12-03 00:18:29.347411,1,1,1,15,64,0,0
2025-12-03 00:18:42.720303,1,1,1,13,63,0,0
2025-12-03 00:18:55.479490,1,2,2,13,63,0,0
2025-12-03 00:19:09.389915,1,1,1,15,70,0,0
2025-12-03 00:19:22.204400,1,2,3,15,71,0,0
2025-12-03 00:19:36.025150,1,2,1,15,71,0,0
2025-12-03 00:19:49.439639,1,2,14,15,73,0,0
2025-12-03 00:20:02.898223,1,2,5,14,72,0,0
2025-12-03 00:20:16.224602,1,2,10,14,74,0,0
2025-12-03 00:20:30.070128,1,2,4,12,71,0,0
2025-12-03 00:20:43.079991,1,2,13,23,100,0,0
2025-12-03 00:20:55.999588,1,1,16,22,100,0,0
2025-12-03 00:21:08.913422,1,1,1,21,89,0,0
2025-12-03 00:21:21.717618,1,1,2,21,70,0,0
2025-12-03 00:21:34.632754,1,1,1,20,74,0,0
2025-12-03 00:21:48.993193,1,2,4,22,81,0,0
2025-12-03 00:22:02.955733,1,2,5,18,67,0,0
2025-12-03 00:22:16.280615,1,1,1,16,66,0,0
2025-12-03 00:22:30.139310,1,2,2,16,66,0,0
2025-12-03 00:22:43.052323,1,1,1,16,66,0,0
2025-12-03 00:22:56.963994,1,1,2,15,71,0,0
2025-12-03 00:23:10.329809,1,2,65,15,80,0,0
2025-12-03 00:23:23.195989,1,2,1,15,78,0,0
2025-12-03 00:23:37.014269,1,1,3,15,71,0,0
2025-12-03 00:23:50.370487,1,1,3,15,73,0,0
2025-12-03 00:24:03.197511,1,2,1,15,78,0,0
2025-12-03 00:24:16.099607,1,2,1,15,80,0,0
2025-12-03 00:24:31.169812,1,1,6,14,76,0,0
2025-12-03 00:24:44.080713,1,2,1,14,74,0,0
2025-12-03 00:24:56.997112,1,1,1,14,74,0,0
2025-12-03 00:25:09.812933,1,2,2,14,73,0,0
2025-12-03 00:25:22.726432,1,1,3,14,73,0,0
2025-12-03 00:25:37.141546,1,2,1,13,72,0,0
2025-12-03 00:25:51.554813,1,1,1,13,74,0,0
2025-12-03 00:26:04.368805,1,1,1,14,78,0,0
2025-12-03 00:26:18.178996,1,1,1,14,72,0,0
2025-12-03 00:26:31.593553,1,2,5,14,72,0,0
2025-12-03 00:26:44.458735,1,2,4,14,78,0,0
2025-12-03 00:26:57.272725,1,2,1,14,78,0,0
2025-12-03 00:27:10.181884,1,2,1,14,78,0,0
2025-12-03 00:27:26.725422,1,2,2,14,65,0,0
2025-12-03 00:27:37.862195,1,2,5,14,64,0,0
2025-12-03 00:27:50.776910,1,2,3,14,65,0,0
2025-12-03 00:28:03.693029,1,1,1,14,77,0,0
2025-12-03 00:28:17.551914,1,1,2,14,86,0,0
2025-12-03 00:28:30.313069,1,2,1,14,73,0,0
2025-12-03 00:28:43.226274,1,1,1,17,62,0,0
2025-12-03 00:28:57.637443,1,2,3,14,62,0,0
2025-12-03 00:29:10.452396,1,1,2,15,66,0,0
2025-12-03 00:29:24.265796,1,1,2,14,77,0,0
2025-12-03 00:29:37.678944,1,1,1,14,77,0,0
2025-12-03 00:29:50.549152,1,2,2,14,73,0,0
2025-12-03 00:30:03.312424,1,1,1,18,73,0,0
2025-12-03 00:30:16.223486,1,1,1,15,73,0,0
2025-12-03 00:30:29.587089,1,1,1,14,73,0,0
2025-12-03 00:30:42.402259,1,2,6,14,82,0,0
2025-12-03 00:30:55.265712,1,2,4,14,84,0,0
2025-12-03 00:31:09.179953,1,2,3,14,78,0,0
2025-12-03 00:31:22.545314,1,2,3,14,72,0,0
2025-12-03 00:31:35.360224,1,2,4,17,76,0,0
2025-12-03 00:31:49.274719,1,2,4,21,87,0,0
2025-12-03 00:32:03.240119,1,1,3,17,77,0,0
2025-12-03 00:32:16.553130,1,2,2,13,65,0,0
2025-12-03 00:32:30.867616,1,2,5,18,65,0,0
2025-12-03 00:32:43.732185,1,1,1,13,65,0,0
2025-12-03 00:32:56.596629,1,2,3,16,69,0,0
2025-12-03 00:33:09.411972,1,2,2,17,81,0,0
2025-12-03 00:33:22.327833,1,1,2,15,70,0,0
2025-12-03 00:33:35.691965,1,1,1,16,64,0,0
2025-12-03 00:33:49.563074,1,1,1,20,64,0,0
2025-12-03 00:34:03.468414,1,2,1,16,64,0,0
2025-12-03 00:34:16.335311,1,2,1,15,65,0,0
2025-12-03 00:34:29.696289,1,2,1,14,76,0,0
2025-12-03 00:34:42.510952,1,1,1,14,79,0,0
2025-12-03 00:34:55.373839,1,1,1,12,79,0,0
2025-12-03 00:35:08.288034,1,2,1,12,75,0,0
2025-12-03 00:35:21.654695,1,1,2,15,69,0,0
2025-12-03 00:35:34.519007,1,2,1,17,65,0,0
2025-12-03 00:35:47.384558,1,2,4,19,65,0,0
2025-12-03 00:36:00.306703,1,1,3,20,65,0,0
2025-12-03 00:36:13.111381,1,2,3,17,68,0,0
2025-12-03 00:36:25.931095,1,2,2,13,80,0,0
2025-12-03 00:36:39.842947,1,1,1,16,69,0,0
2025-12-03 00:36:52.664197,1,1,3,14,63,0,0
2025-12-03 00:37:07.019745,1,1,1,16,67,0,0
2025-12-03 00:37:19.884199,1,2,3,21,79,0,0
2025-12-03 00:37:32.758488,1,2,3,23,86,0,0
2025-12-03 00:37:45.513566,1,1,1,23,86,0,0
2025-12-03 00:37:58.428711,1,1,1,16,78,0,0
2025-12-03 00:38:11.791294,1,1,2,14,70,0,0
2025-12-03 00:38:24.609621,1,2,1,14,70,0,0
2025-12-03 00:38:37.468493,1,1,1,14,65,0,0
2025-12-03 00:38:51.381749,1,1,1,19,76,0,0
2025-12-03 00:39:04.696161,1,1,4,23,88,0,0
2025-12-03 00:39:18.509455,1,2,2,18,79,0,0
2025-12-03 00:39:31.924589,1,2,2,16,71,0,0
2025-12-03 00:39:44.788581,1,2,2,21,81,0,0
2025-12-03 00:39:57.654399,1,2,1,22,81,0,0
2025-12-03 00:40:10.515232,1,2,2,15,77,0,0
2025-12-03 00:40:24.879600,1,2,2,14,70,0,0
2025-12-03 00:40:38.208795,1,2,2,14,69,0,0
2025-12-03 00:40:51.118089,1,2,1,14,65,0,0
2025-12-03 00:41:03.974306,1,1,1,14,65,0,0
2025-12-03 00:41:16.788774,1,1,1,14,65,0,0
2025-12-03 00:41:30.652701,1,1,2,14,65,0,0
2025-12-03 00:41:43.514887,1,1,1,14,75,0,0
2025-12-03 00:41:57.427696,1,2,1,16,80,0,0
2025-12-03 00:42:10.241826,1,1,1,20,87,0,0
2025-12-03 00:42:23.155387,1,1,1,15,83,0,0
2025-12-03 00:42:36.969204,1,1,1,14,79,0,0
2025-12-03 00:42:50.283327,1,2,1,14,81,0,0
2025-12-03 00:43:03.148687,1,2,2,14,78,0,0
2025-12-03 00:43:16.017390,1,2,2,14,75,0,0
2025-12-03 00:43:28.828715,1,1,1,14,70,0,0
2025-12-03 00:43:43.142755,1,1,2,16,80,0,0
2025-12-03 00:43:56.056371,1,1,2,12,81,0,0
2025-12-03 00:44:08.921396,1,2,3,15,86,0,0
2025-12-03 00:44:21.688455,1,1,3,14,86,0,0
2025-12-03 00:44:34.645314,1,1,1,14,82,0,0
2025-12-03 00:44:49.013165,1,1,1,14,72,0,0
2025-12-03 00:45:02.326203,1,1,1,14,66,0,0
2025-12-03 00:45:15.243517,1,2,3,18,75,0,0
2025-12-03 00:45:28.608385,1,1,1,18,81,0,0
2025-12-03 00:45:41.973532,1,1,5,14,70,0,0
2025-12-03 00:45:54.744195,1,2,1,14,71,0,0
2025-12-03 00:46:07.651758,1,2,6,14,76,0,0
2025-12-03 00:46:21.566619,1,2,1,14,82,0,0
2025-12-03 00:46:34.377643,1,1,3,15,82,0,0
2025-12-03 00:46:47.742058,1,2,2,21,83,0,0
2025-12-03 00:47:01.607264,1,1,2,23,92,0,0
2025-12-03 00:47:14.977005,1,2,1,16,92,0,0
2025-12-03 00:47:27.839710,1,1,3,14,92,0,0
2025-12-03 00:47:40.702962,1,1,2,14,92,0,0
2025-12-03 00:47:54.068797,1,1,1,14,92,0,0
2025-12-03 00:48:07.384344,1,2,3,14,92,0,0
2025-12-03 00:48:20.250054,1,2,3,20,92,0,0
2025-12-03 00:48:34.162293,1,2,4,22,92,0,0
2025-12-03 00:48:46.976190,1,1,1,15,92,0,0
2025-12-03 00:49:01.290048,1,1,6,16,92,0,0
2025-12-03 00:49:14.320100,1,2,47,21,92,0,0
2025-12-03 00:49:27.174603,1,2,3,23,100,0,0
2025-12-03 00:49:40.026381,1,2,7,24,100,0,0
2025-12-03 00:49:52.890970,1,2,3,14,96,0,0
2025-12-03 00:50:05.752563,1,1,3,11,74,0,0
2025-12-03 00:50:18.665754,1,2,3,15,65,0,0
2025-12-03 00:50:31.483933,1,2,3,15,64,0,0
2025-12-03 00:50:44.844616,1,1,10,18,67,0,0
2025-12-03 00:50:58.807388,1,1,5,19,76,0,0
2025-12-03 00:51:13.174585,1,1,1,20,78,0,0
2025-12-03 00:51:26.486421,1,1,1,21,84,0,0
2025-12-03 00:51:39.406483,1,1,1,21,74,0,0
2025-12-03 00:51:52.284620,1,1,1,19,65,0,0
2025-12-03 00:52:07.230052,1,1,2,22,79,0,0
2025-12-03 00:52:20.042994,1,2,3,19,81,0,0
2025-12-03 00:52:33.958540,1,1,1,15,81,0,0
2025-12-03 00:52:46.819888,1,1,1,14,81,0,0
2025-12-03 00:53:00.184349,1,1,1,14,79,0,0
2025-12-03 00:53:13.000551,1,2,1,14,81,0,0
2025-12-03 00:53:26.363912,1,2,4,13,88,0,0
2025-12-03 00:53:40.278179,1,2,7,12,68,0,0
2025-12-03 00:53:53.092966,1,1,1,14,64,0,0
2025-12-03 00:54:06.956660,1,2,5,14,64,0,0
2025-12-03 00:54:19.870292,1,1,1,14,64,0,0
2025-12-03 00:54:33.781352,1,1,1,14,63,0,0
2025-12-03 00:54:46.596902,1,1,2,14,63,0,0
2025-12-03 00:54:59.461353,1,1,1,14,69,0,0
2025-12-03 00:55:13.278175,1,1,1,14,77,0,0
2025-12-03 00:55:26.593698,1,1,1,14,84,0,0
2025-12-03 00:55:39.513798,1,1,1,14,69,0,0
2025-12-03 00:55:52.371642,1,1,1,14,65,0,0
2025-12-03 00:56:06.935649,1,1,1,14,65,0,0
2025-12-03 00:56:20.402481,1,1,1,14,65,0,0
2025-12-03 00:56:33.815523,1,1,2,13,65,0,0
2025-12-03 00:56:46.630210,1,1,1,12,67,0,0
2025-12-03 00:56:59.547118,1,1,1,12,67,0,0
2025-12-03 00:57:13.354757,1,1,1,13,69,0,0
2025-12-03 00:57:26.869882,1,1,1,13,69,0,0
2025-12-03 00:57:40.232280,1,1,1,12,79,0,0
2025-12-03 00:57:53.044424,1,1,1,12,81,0,0
2025-12-03 00:58:05.961135,1,1,1,14,79,0,0
2025-12-03 00:58:18.870046,1,2,1,18,81,0,0
2025-12-03 00:58:31.687087,1,1,1,18,81,0,0
2025-12-03 00:58:44.600354,1,1,1,16,81,0,0
2025-12-03 00:58:58.959853,1,1,3,14,72,0,0
2025-12-03 00:59:12.330071,1,2,1,20,65,0,0
2025-12-03 00:59:25.142604,1,2,1,22,65,0,0
2025-12-03 00:59:38.001727,1,1,1,23,65,0,0
2025-12-03 00:59:51.979306,1,1,3,15,63,0,0
2025-12-03 01:00:05.288806,1,1,1,13,63,0,0
2025-12-03 01:00:18.789718,1,1,1,13,65,0,0
2025-12-03 01:00:32.108118,1,1,1,13,64,0,0
2025-12-03 01:00:45.021979,1,2,1,13,64,0,0
2025-12-03 01:00:57.933284,1,1,1,13,64,0,0
2025-12-03 01:01:10.748416,1,2,1,12,64,0,0
2025-12-03 01:01:23.609836,1,2,5,12,64,0,0
2025-12-03 01:01:37.475587,1,2,5,12,75,0,0
2025-12-03 01:01:50.293237,1,1,1,12,68,0,0
2025-12-03 01:02:04.152098,1,1,1,12,69,0,0
2025-12-03 01:02:17.116621,1,1,2,12,67,0,0
2025-12-03 01:02:31.479912,1,1,1,13,64,0,0
2025-12-03 01:02:44.792645,1,1,2,13,64,0,0
2025-12-03 01:02:57.657354,1,1,1,12,63,0,0
2025-12-03 01:03:10.522013,1,1,1,12,63,0,0
2025-12-03 01:03:23.331053,1,1,1,12,70,0,0
2025-12-03 01:03:37.146695,1,1,1,12,78,0,0
2025-12-03 01:03:50.565794,1,1,1,12,69,0,0
2025-12-03 01:04:03.422212,1,2,3,12,64,0,0
2025-12-03 01:04:16.287597,1,2,4,11,64,0,0
2025-12-03 01:04:29.201205,1,1,1,11,63,0,0
2025-12-03 01:04:42.114982,1,1,1,14,62,0,0
2025-12-03 01:04:55.028903,1,1,1,11,65,0,0
2025-12-03 01:05:07.841080,1,1,1,17,65,0,0
2025-12-03 01:05:20.752383,1,1,1,21,70,0,0
2025-12-03 01:05:34.625798,1,2,1,22,82,0,0
2025-12-03 01:05:48.086128,1,1,1,18,82,0,0
2025-12-03 01:06:01.449984,1,2,1,15,67,0,0
2025-12-03 01:06:14.277148,1,2,6,14,63,0,0
2025-12-03 01:06:27.179528,1,1,1,14,74,0,0
2025-12-03 01:06:40.104986,1,1,1,12,81,0,0
2025-12-03 01:06:52.911508,1,2,7,12,76,0,0
2025-12-03 01:07:06.270436,1,2,15,12,76,0,0
2025-12-03 01:07:20.131013,1,2,15,15,76,0,0
2025-12-03 01:07:33.495883,1,1,4,15,69,0,0
2025-12-03 01:07:46.308906,1,2,6,15,69,0,0
2025-12-03 01:07:59.223388,1,1,1,16,72,0,0
2025-12-03 01:08:12.635822,1,2,1,18,72,0,0
2025-12-03 01:08:25.951979,1,2,2,21,82,0,0
2025-12-03 01:08:38.767420,1,2,2,22,73,0,0
2025-12-03 01:08:52.681419,1,2,1,16,74,0,0
2025-12-03 01:09:05.508487,1,1,2,14,66,0,0
2025-12-03 01:09:19.315528,1,1,2,14,79,0,0
2025-12-03 01:09:32.721675,1,1,1,14,68,0,0
2025-12-03 01:09:45.588664,1,1,2,15,67,0,0
2025-12-03 01:09:58.397672,1,1,1,17,79,0,0
2025-12-03 01:10:11.315417,1,1,1,14,67,0,0
2025-12-03 01:10:25.674393,1,1,1,14,72,0,0
2025-12-03 01:10:38.991176,1,1,1,14,77,0,0
2025-12-03 01:10:51.906295,1,1,1,13,85,0,0
2025-12-03 01:11:04.771012,1,2,2,12,88,0,0
2025-12-03 01:11:19.332304,1,1,1,12,69,0,0
2025-12-03 01:11:32.746545,1,2,4,12,66,0,0
2025-12-03 01:11:45.616153,1,2,2,13,69,0,0
2025-12-03 01:11:58.431775,1,1,3,13,69,0,0
2025-12-03 01:12:11.344698,1,2,6,13,69,0,0
2025-12-03 01:12:26.309729,1,2,1,13,67,0,0
2025-12-03 01:12:40.226811,1,1,1,14,70,0,0
2025-12-03 01:12:53.037735,1,1,3,14,69,0,0
2025-12-03 01:13:05.952981,1,2,3,14,81,0,0
2025-12-03 01:13:19.764376,1,2,2,14,77,0,0
2025-12-03 01:13:33.086967,1,1,1,14,73,0,0
2025-12-03 01:13:47.047775,1,1,3,14,69,0,0
2025-12-03 01:13:59.961636,1,2,3,14,64,0,0
2025-12-03 01:14:13.778246,1,1,1,13,64,0,0
2025-12-03 01:14:27.106457,1,2,5,14,67,0,0
2025-12-03 01:14:40.003414,1,2,4,14,80,0,0
2025-12-03 01:14:52.890061,1,2,4,14,75,0,0
2025-12-03 01:15:06.281404,1,2,1,14,71,0,0
2025-12-03 01:15:19.098595,1,2,7,14,69,0,0
2025-12-03 01:15:32.918162,1,1,3,14,66,0,0
2025-12-03 01:15:46.330776,1,1,1,14,66,0,0
2025-12-03 01:15:59.155469,1,1,7,13,66,0,0
2025-12-03 01:16:12.509557,1,1,2,13,66,0,0
2025-12-03 01:16:26.371690,1,1,2,13,67,0,0
2025-12-03 01:16:39.738295,1,2,3,14,76,0,0
2025-12-03 01:16:52.603898,1,2,5,20,73,0,0
2025-12-03 01:17:05.467746,1,1,2,22,83,0,0
2025-12-03 01:17:18.384867,1,2,1,20,85,0,0
2025-12-03 01:17:31.750579,1,2,1,16,69,0,0
2025-12-03 01:17:44.570492,1,1,3,16,69,0,0
2025-12-03 01:17:57.587839,1,2,1,15,69,0,0
2025-12-03 01:18:11.488759,1,1,3,15,80,0,0
2025-12-03 01:18:24.857394,1,2,3,15,84,0,0
2025-12-03 01:18:38.722614,1,2,1,16,84,0,0
2025-12-03 01:18:52.588402,1,1,6,19,84,0,0
2025-12-03 01:19:05.548075,1,1,1,21,84,0,0
2025-12-03 01:19:19.912973,1,2,4,19,84,0,0
2025-12-03 01:19:33.225204,1,2,1,15,78,0,0
2025-12-03 01:19:46.089847,1,2,1,15,63,0,0
2025-12-03 01:19:59.501638,1,2,3,15,63,0,0
2025-12-03 01:20:12.888873,1,1,1,15,63,0,0
2025-12-03 01:20:25.644914,1,2,2,15,63,0,0
2025-12-03 01:20:38.547549,1,2,3,14,63,0,0
2025-12-03 01:20:52.457954,1,1,1,14,63,0,0
2025-12-03 01:21:05.276347,1,1,4,14,63,0,0
2025-12-03 01:21:18.189476,1,2,1,14,63,0,0
2025-12-03 01:21:32.553427,1,2,35,15,63,0,0
2025-12-03 01:21:46.457261,1,1,1,16,78,0,0
2025-12-03 01:21:59.274120,1,1,1,16,67,0,0
2025-12-03 01:22:12.140880,1,2,4,16,73,0,0
2025-12-03 01:22:26.009489,1,2,8,17,77,0,0
2025-12-03 01:22:39.316916,1,2,5,20,65,0,0
2025-12-03 01:22:52.681244,1,2,2,21,65,0,0
2025-12-03 01:23:05.596720,1,2,4,23,65,0,0
2025-12-03 01:23:19.010925,1,2,6,23,65,0,0
2025-12-03 01:23:32.323900,1,1,1,21,69,0,0
2025-12-03 01:23:45.186292,1,2,6,23,79,0,0
2025-12-03 01:23:59.103743,1,2,2,23,79,0,0
2025-12-03 01:24:14.065557,1,2,3,23,67,0,0
2025-12-03 01:24:26.881226,1,1,1,23,64,0,0
2025-12-03 01:24:40.792885,1,2,6,23,64,0,0
2025-12-03 01:24:53.656961,1,1,3,23,65,0,0
2025-12-03 01:25:07.018473,1,2,1,23,67,0,0
2025-12-03 01:25:19.783739,1,2,1,23,65,0,0
2025-12-03 01:25:32.698674,1,1,4,24,65,0,0
2025-12-03 01:25:47.107881,1,2,38,23,100,0,0
2025-12-03 01:25:59.920539,1,1,1,23,100,0,0
2025-12-03 01:26:13.792031,1,1,1,23,99,0,0
2025-12-03 01:26:26.790342,1,1,1,23,81,0,0
2025-12-03 01:26:39.754639,1,1,1,22,77,0,0
2025-12-03 01:26:53.212702,1,1,1,21,64,0,0
2025-12-03 01:27:07.122700,1,1,1,22,62,0,0
2025-12-03 01:27:20.434144,1,1,1,23,70,0,0
2025-12-03 01:27:33.346738,1,1,1,23,66,0,0
2025-12-03 01:27:47.762666,1,1,1,23,66,0,0
2025-12-03 01:28:02.116766,1,1,1,23,66,0,0
2025-12-03 01:28:15.450683,1,1,1,22,66,0,0
2025-12-03 01:28:28.331405,1,1,1,23,73,0,0
2025-12-03 01:28:41.254043,1,1,1,23,70,0,0
2025-12-03 01:28:55.213208,1,1,1,23,71,0,0
2025-12-03 01:29:08.073151,1,1,1,23,65,0,0
2025-12-03 01:29:20.936615,1,1,1,23,65,0,0
2025-12-03 01:29:33.843884,1,1,1,16,65,0,0
2025-12-03 01:29:47.365606,1,1,1,13,65,0,0
2025-12-03 01:30:00.269487,1,1,1,13,65,0,0
2025-12-03 01:30:13.725758,1,1,1,21,64,0,0
2025-12-03 01:30:27.097994,1,1,1,14,62,0,0
2025-12-03 01:30:39.899650,1,1,1,14,62,0,0
2025-12-03 01:30:53.865786,1,1,1,20,62,0,0
2025-12-03 01:31:08.268121,1,1,1,17,62,0,0
2025-12-03 01:31:21.134640,1,1,1,19,62,0,0
2025-12-03 01:31:33.938836,1,1,1,22,62,0,0
2025-12-03 01:31:47.898783,1,1,1,23,62,0,0
2025-12-03 01:32:02.310495,1,1,1,15,62,0,0
2025-12-03 01:32:15.218463,1,1,1,17,62,0,0
2025-12-03 01:32:28.577876,1,1,1,13,62,0,0
2025-12-03 01:32:41.389496,1,1,1,19,62,0,0
2025-12-03 01:32:54.352565,1,1,1,14,62,0,0
2025-12-03 01:33:07.814115,1,1,1,15,62,0,0
2025-12-03 01:33:21.169568,1,1,1,11,62,0,0
2025-12-03 01:33:33.982073,1,1,1,12,62,0,0
2025-12-03 01:33:47.941995,1,1,1,12,62,0,0
2025-12-03 01:34:02.302848,1,1,1,14,62,0,0
2025-12-03 01:34:15.614321,1,1,1,12,62,0,0
2025-12-03 01:34:28.479118,1,1,1,13,62,0,0
2025-12-03 01:34:41.338295,1,1,1,13,62,0,0
2025-12-03 01:34:54.149245,1,1,1,12,62,0,0
2025-12-03 01:35:08.009000,1,1,1,13,62,0,0
2025-12-03 01:35:21.020640,1,1,1,12,62,0,0
2025-12-03 01:35:33.986534,1,1,1,12,62,0,0
2025-12-03 01:35:47.442217,1,1,1,12,62,0,0
2025-12-03 01:36:01.372655,1,1,1,12,62,0,0
2025-12-03 01:36:14.663627,1,1,1,12,62,0,0
2025-12-03 01:36:27.576248,1,1,1,12,62,0,0
2025-12-03 01:36:42.036540,1,1,1,12,62,0,0
2025-12-03 01:36:55.060422,1,1,1,12,62,0,0
2025-12-03 01:37:08.959277,1,1,1,18,62,0,0
2025-12-03 01:37:22.976502,1,1,1,22,62,0,0
2025-12-03 01:37:35.959769,1,1,1,14,62,0,0
2025-12-03 01:37:49.339168,1,1,1,13,62,0,0
2025-12-03 01:38:02.150201,1,1,1,13,62,0,0
2025-12-03 01:38:15.110484,1,1,1,12,62,0,0
2025-12-03 01:38:28.073693,1,1,1,12,62,0,0
2025-12-03 01:38:41.481275,1,1,1,12,62,0,0
2025-12-03 01:38:54.295846,1,1,1,13,62,0,0
2025-12-03 01:39:07.709012,1,1,1,12,62,0,0
2025-12-03 01:39:21.569551,1,1,1,12,62,0,0
2025-12-03 01:39:35.541237,1,1,1,12,62,0,0
2025-12-03 01:39:49.434483,1,1,1,12,62,0,0
2025-12-03 01:40:02.794114,1,1,1,12,62,0,0
2025-12-03 01:40:15.656310,1,1,1,12,64,0,0
2025-12-03 01:40:29.565215,1,1,1,12,71,0,0
2025-12-03 01:40:43.478671,1,1,1,12,64,0,0
2025-12-03 01:40:56.787913,1,1,1,12,64,0,0
2025-12-03 01:41:09.698074,1,1,1,12,64,0,0
2025-12-03 01:41:24.210392,1,1,1,12,63,0,0
2025-12-03 01:41:37.120065,1,1,1,14,63,0,0
2025-12-03 01:41:50.642241,1,1,1,14,70,0,0
2025-12-03 01:42:03.618443,1,1,1,16,78,0,0
2025-12-03 01:42:17.051692,1,1,1,14,81,0,0
2025-12-03 01:42:30.364067,1,1,1,12,79,0,0
2025-12-03 01:42:44.174994,1,1,1,12,62,0,0
2025-12-03 01:42:57.637335,1,1,1,12,62,0,0
2025-12-03 01:43:11.146572,1,1,1,12,62,0,0
2025-12-03 01:43:24.106367,1,1,1,12,62,0,0
2025-12-03 01:43:37.076559,1,1,1,12,62,0,0
2025-12-03 01:43:50.598042,1,1,1,12,68,0,0
2025-12-03 01:44:03.294834,1,1,1,12,64,0,0
2025-12-03 01:44:16.213499,1,1,1,12,64,0,0
2025-12-03 01:44:29.727249,1,1,1,12,63,0,0
2025-12-03 01:44:43.624904,1,1,1,12,63,0,0
2025-12-03 01:44:56.531409,1,1,1,12,70,0,0
2025-12-03 01:45:09.340863,1,1,1,12,75,0,0
2025-12-03 01:45:22.248890,1,1,1,12,78,0,0
2025-12-03 01:45:35.658865,1,1,1,12,80,0,0
2025-12-03 01:45:48.469206,1,1,1,12,80,0,0
2025-12-03 01:46:01.980143,1,1,1,12,64,0,0
2025-12-03 01:46:14.794842,1,1,1,12,64,0,0
2025-12-03 01:46:27.702068,1,1,1,12,64,0,0
2025-12-03 01:46:41.170945,1,1,1,12,64,0,0
2025-12-03 01:46:54.022223,1,1,1,12,64,0,0
2025-12-03 01:47:06.784701,1,1,1,12,64,0,0
2025-12-03 01:47:20.696761,1,1,1,12,64,0,0
2025-12-03 01:47:33.507121,1,1,1,12,62,0,0
2025-12-03 01:47:47.369149,1,1,1,12,62,0,0
2025-12-03 01:48:00.327911,1,1,1,12,62,0,0
2025-12-03 01:48:13.340816,1,1,1,12,62,0,0
2025-12-03 01:48:27.248372,1,1,1,12,62,0,0
2025-12-03 01:48:41.160228,1,1,1,12,63,0,0
2025-12-03 01:48:54.023008,1,1,1,12,75,0,0
2025-12-03 01:49:06.834314,1,1,1,12,87,0,0
2025-12-03 01:49:20.693713,1,1,1,12,70,0,0
2025-12-03 01:49:34.009553,1,1,1,12,65,0,0
2025-12-03 01:49:46.869930,1,1,1,12,65,0,0
2025-12-03 01:49:59.829069,1,1,1,12,65,0,0
2025-12-03 01:50:12.837377,1,1,1,12,64,0,0
2025-12-03 01:50:26.747736,1,1,1,12,64,0,0
2025-12-03 01:50:39.633297,1,1,1,12,64,0,0
2025-12-03 01:50:52.424603,1,1,1,12,64,0,0
2025-12-03 01:51:06.379291,1,1,1,12,64,0,0
2025-12-03 01:51:20.980640,1,1,1,12,64,0,0
2025-12-03 01:51:33.650074,1,1,1,12,64,0,0
2025-12-03 01:51:46.460779,1,1,1,12,64,0,0
2025-12-03 01:52:00.432003,1,1,1,12,64,0,0
2025-12-03 01:52:14.781606,1,1,1,12,63,0,0
2025-12-03 01:52:28.104552,1,1,1,12,63,0,0
2025-12-03 01:52:40.907801,1,1,1,12,63,0,0
2025-12-03 01:52:53.870232,1,1,1,12,63,0,0
2025-12-03 01:53:07.835035,1,1,1,12,63,0,0
2025-12-03 01:53:20.753407,1,1,1,12,63,0,0
2025-12-03 01:53:33.500498,1,1,1,12,63,0,0
2025-12-03 01:53:46.459330,1,1,1,12,63,0,0
2025-12-03 01:53:59.923108,1,1,1,12,63,0,0
2025-12-03 01:54:13.829862,1,1,1,12,62,0,0
2025-12-03 01:54:27.150672,1,1,1,12,62,0,0
2025-12-03 01:54:40.600095,1,1,1,12,62,0,0
2025-12-03 01:54:54.465150,1,1,1,12,62,0,0
2025-12-03 01:55:08.829366,1,1,1,12,62,0,0
2025-12-03 01:55:22.140120,1,1,1,12,62,0,0
2025-12-03 01:55:35.002004,1,1,1,12,62,0,0
2025-12-03 01:55:47.963430,1,1,1,12,62,0,0
2025-12-03 01:56:01.922614,1,1,1,12,62,0,0
2025-12-03 01:56:14.820810,1,1,1,12,62,0,0
2025-12-03 01:56:27.641997,1,1,1,16,64,0,0
2025-12-03 01:56:40.558461,1,1,1,20,76,0,0
2025-12-03 01:56:53.611077,1,1,1,22,79,0,0
2025-12-03 01:57:06.521688,1,1,1,21,67,0,0
2025-12-03 01:57:20.888067,1,1,1,20,62,0,0
2025-12-03 01:57:34.194269,1,1,1,17,62,0,0
2025-12-03 01:57:47.057691,1,1,1,13,62,0,0
2025-12-03 01:58:00.022879,1,1,1,16,66,0,0
2025-12-03 01:58:13.931845,1,1,1,16,76,0,0
2025-12-03 01:58:27.240204,1,1,1,14,70,0,0
2025-12-03 01:58:40.196427,1,1,1,16,80,0,0
2025-12-03 01:58:54.060648,1,1,1,14,65,0,0
2025-12-03 01:59:07.071801,1,1,1,15,64,0,0
2025-12-03 01:59:20.930562,1,1,1,12,64,0,0
2025-12-03 01:59:34.280569,1,1,1,12,64,0,0
2025-12-03 01:59:47.107848,1,1,1,12,64,0,0
2025-12-03 02:00:00.073518,1,1,1,12,64,0,0
2025-12-03 02:00:14.024540,1,1,1,12,64,0,0
2025-12-03 02:00:26.887452,1,1,1,13,64,0,0
2025-12-03 02:00:39.747109,1,1,1,19,63,0,0
2025-12-03 02:00:52.656801,1,1,1,22,63,0,0
2025-12-03 02:01:06.117943,1,1,1,17,63,0,0
2025-12-03 02:01:19.130029,1,1,1,13,63,0,0
2025-12-03 02:01:32.990555,1,1,1,14,63,0,0
2025-12-03 02:01:46.305718,1,1,1,16,63,0,0
2025-12-03 02:01:59.170168,1,1,1,16,68,0,0
2025-12-03 02:02:12.078854,1,1,1,17,62,0,0
2025-12-03 02:02:24.893896,1,2,1,20,62,0,0
2025-12-03 02:02:38.824007,1,1,1,23,77,0,0
2025-12-03 02:02:51.823709,1,2,2,24,86,0,0
2025-12-03 02:03:04.679319,1,2,1,24,100,0,0
2025-12-03 02:03:18.093453,1,1,1,23,100,0,0
2025-12-03 02:03:30.906760,1,2,2,22,97,0,0
2025-12-03 02:03:45.319537,1,2,1,22,89,0,0
2025-12-03 02:03:58.735242,1,1,2,19,86,0,0
2025-12-03 02:04:12.151026,1,2,21,18,100,0,0
2025-12-03 02:04:24.962365,1,1,3,23,100,0,0
2025-12-03 02:04:37.827076,1,1,4,23,100,0,0
2025-12-03 02:04:51.638384,1,1,1,18,83,0,0
2025-12-03 02:05:05.006453,1,1,1,15,83,0,0
2025-12-03 02:05:17.866775,1,1,1,16,85,0,0
2025-12-03 02:05:30.732622,1,1,4,15,85,0,0
2025-12-03 02:05:45.703613,1,1,1,20,85,0,0
2025-12-03 02:05:59.614808,1,1,1,21,90,0,0
2025-12-03 02:06:12.928501,1,1,4,14,90,0,0
2025-12-03 02:06:25.739241,1,1,2,13,90,0,0
2025-12-03 02:06:38.652264,1,1,3,12,87,0,0
2025-12-03 02:06:51.465186,1,1,1,12,70,0,0
2025-12-03 02:07:04.478234,1,2,3,13,63,0,0
2025-12-03 02:07:17.292056,1,1,1,12,62,0,0
2025-12-03 02:07:30.205783,1,1,1,19,62,0,0
2025-12-03 02:07:43.028528,1,1,1,13,62,0,0
2025-12-03 02:07:56.886049,1,2,1,13,62,0,0
2025-12-03 02:08:09.803746,1,2,1,11,62,0,0
2025-12-03 02:08:23.711341,1,1,2,11,62,0,0
2025-12-03 02:08:37.077341,1,1,1,17,62,0,0
2025-12-03 02:08:49.941250,1,2,2,14,62,0,0
2025-12-03 02:09:03.754943,1,1,1,15,63,0,0
2025-12-03 02:09:17.122097,1,2,1,18,65,0,0
2025-12-03 02:09:29.936931,1,1,2,18,63,0,0
2025-12-03 02:09:43.452116,1,1,1,13,68,0,0
2025-12-03 02:09:57.765695,1,1,1,17,72,0,0
2025-12-03 02:10:11.135598,1,2,2,13,71,0,0
2025-12-03 02:10:23.948010,1,1,3,12,66,0,0
2025-12-03 02:10:36.865067,1,2,4,12,66,0,0
2025-12-03 02:10:50.828625,1,1,4,13,66,0,0
2025-12-03 02:11:03.743291,1,1,1,13,66,0,0
2025-12-03 02:11:16.556816,1,1,2,16,72,0,0
2025-12-03 02:11:29.423931,1,1,1,13,67,0,0
2025-12-03 02:11:42.340149,1,1,1,15,68,0,0
2025-12-03 02:11:55.154355,1,2,2,16,73,0,0
2025-12-03 02:12:09.169959,1,1,1,17,73,0,0
2025-12-03 02:12:21.982878,1,1,1,16,73,0,0
2025-12-03 02:12:35.897185,1,2,5,14,67,0,0
2025-12-03 02:12:48.820533,1,1,4,15,76,0,0
2025-12-03 02:13:01.630545,1,2,2,14,84,0,0
2025-12-03 02:13:15.596067,1,1,2,15,77,0,0
2025-12-03 02:13:28.469093,1,2,2,15,77,0,0
2025-12-03 02:13:42.384256,1,2,2,14,69,0,0
2025-12-03 02:13:55.197324,1,1,1,16,69,0,0
2025-12-03 02:14:09.511279,1,2,1,16,69,0,0
2025-12-03 02:14:22.374059,1,2,7,16,69,0,0
2025-12-03 02:14:35.891697,1,2,4,15,69,0,0
2025-12-03 02:14:49.215404,1,2,2,12,67,0,0
2025-12-03 02:15:03.520769,1,2,2,15,80,0,0
2025-12-03 02:15:16.435069,1,2,2,16,82,0,0
2025-12-03 02:15:31.402112,1,1,1,16,77,0,0
2025-12-03 02:15:44.269921,1,2,5,15,66,0,0
2025-12-03 02:15:57.129232,1,2,3,16,67,0,0
2025-12-03 02:16:09.991530,1,2,1,16,67,0,0
2025-12-03 02:16:23.908992,1,2,4,18,67,0,0
2025-12-03 02:16:36.717543,1,2,2,18,63,0,0
2025-12-03 02:16:49.583641,1,1,1,16,63,0,0
2025-12-03 02:17:03.397974,1,1,1,15,63,0,0
2025-12-03 02:17:16.711313,1,1,3,15,63,0,0
2025-12-03 02:17:29.575906,1,2,6,15,72,0,0
2025-12-03 02:17:42.505553,1,2,15,15,72,0,0
2025-12-03 02:17:55.316900,1,2,6,23,100,0,0
2025-12-03 02:18:09.617036,1,1,3,20,100,0,0
2025-12-03 02:18:22.481735,1,2,12,17,87,0,0
2025-12-03 02:18:36.047984,1,1,1,19,71,0,0
2025-12-03 02:18:49.000508,1,1,1,12,81,0,0
2025-12-03 02:19:02.363244,1,1,1,15,85,0,0
2025-12-03 02:19:15.241534,1,1,1,12,85,0,0
2025-12-03 02:19:28.083779,1,1,1,18,85,0,0
2025-12-03 02:19:42.096979,1,1,1,20,79,0,0
2025-12-03 02:19:55.054259,1,1,1,21,71,0,0
2025-12-03 02:20:08.433033,1,1,1,18,65,0,0
2025-12-03 02:20:21.182427,1,1,1,16,65,0,0
2025-12-03 02:20:34.093632,1,1,1,13,64,0,0
2025-12-03 02:20:48.007365,1,1,1,13,64,0,0
2025-12-03 02:21:00.818819,1,1,1,16,68,0,0
2025-12-03 02:21:13.683849,1,1,1,17,69,0,0
2025-12-03 02:21:27.545798,1,1,1,12,67,0,0
2025-12-03 02:21:41.107572,1,1,1,17,67,0,0
2025-12-03 02:21:54.125094,1,1,1,15,67,0,0
2025-12-03 02:22:07.076222,1,1,1,21,77,0,0
2025-12-03 02:22:20.438516,1,1,1,17,83,0,0
2025-12-03 02:22:33.304674,1,1,1,14,67,0,0
2025-12-03 02:22:46.261711,1,1,1,14,69,0,0
2025-12-03 02:22:59.219078,1,1,1,13,73,0,0
2025-12-03 02:23:12.631271,1,1,1,13,62,0,0
2025-12-03 02:23:25.447393,1,1,1,15,66,0,0
2025-12-03 02:23:39.260216,1,1,1,16,67,0,0
2025-12-03 02:23:52.281814,1,1,1,15,71,0,0
2025-12-03 02:24:05.229479,1,1,1,18,83,0,0
2025-12-03 02:24:18.643911,1,1,1,18,86,0,0
2025-12-03 02:24:31.461336,1,1,1,14,70,0,0
2025-12-03 02:24:45.318405,1,1,1,14,63,0,0
2025-12-03 02:24:58.327841,1,1,1,13,62,0,0
2025-12-03 02:25:11.284949,1,1,1,13,62,0,0
2025-12-03 02:25:24.745036,1,1,1,19,63,0,0
2025-12-03 02:25:38.672188,1,1,1,22,63,0,0
2025-12-03 02:25:51.520846,1,1,1,22,64,0,0
2025-12-03 02:26:04.332120,1,1,1,22,64,0,0
2025-12-03 02:26:17.245113,1,1,1,22,63,0,0
2025-12-03 02:26:30.159019,1,1,1,23,72,0,0
2025-12-03 02:26:43.067811,1,1,1,24,82,0,0
2025-12-03 02:26:55.830495,1,1,1,24,80,0,0
2025-12-03 02:27:09.691815,1,1,1,25,88,0,0
2025-12-03 02:27:23.003995,1,1,1,25,99,0,0
2025-12-03 02:27:35.817515,1,1,1,20,88,0,0
2025-12-03 02:27:48.777104,1,1,1,19,79,0,0
2025-12-03 02:28:02.734784,1,1,1,15,74,0,0
2025-12-03 02:28:15.598973,1,1,1,14,71,0,0
2025-12-03 02:28:28.458177,1,1,1,14,71,0,0
2025-12-03 02:28:41.369622,1,1,1,14,66,0,0
2025-12-03 02:28:54.829997,1,1,1,14,71,0,0
2025-12-03 02:29:08.790374,1,1,1,15,66,0,0
2025-12-03 02:29:21.699916,1,1,1,14,71,0,0
2025-12-03 02:29:34.511764,1,1,1,13,71,0,0
2025-12-03 02:29:47.370881,1,1,1,14,71,0,0
2025-12-03 02:30:00.834839,1,1,1,12,72,0,0
2025-12-03 02:30:14.698090,1,1,1,12,65,0,0
2025-12-03 02:30:28.486081,1,1,1,12,62,0,0
2025-12-03 02:30:41.374474,1,1,1,11,63,0,0
2025-12-03 02:30:54.336386,1,1,1,11,78,0,0
2025-12-03 02:31:07.651206,1,1,1,11,90,0,0
2025-12-03 02:31:20.465723,1,1,1,11,90,0,0
2025-12-03 02:31:34.376956,1,1,1,17,93,0,0
2025-12-03 02:31:48.289605,1,1,1,16,87,0,0
2025-12-03 02:32:01.147081,1,1,1,13,81,0,0
2025-12-03 02:32:13.961884,1,1,1,12,72,0,0
2025-12-03 02:32:27.870381,1,1,1,12,65,0,0
2025-12-03 02:32:40.739773,1,1,1,12,64,0,0
2025-12-03 02:32:53.547285,1,1,1,14,64,0,0
2025-12-03 02:33:07.504342,1,1,1,14,75,0,0
2025-12-03 02:33:20.416192,1,1,1,16,87,0,0
2025-12-03 02:33:33.386674,1,1,1,13,90,0,0
2025-12-03 02:33:46.690760,1,1,1,13,87,0,0
2025-12-03 02:34:00.551340,1,1,1,12,87,0,0
2025-12-03 02:34:13.508646,1,1,1,12,87,0,0
2025-12-03 02:34:27.871272,1,1,1,16,90,0,0
2025-12-03 02:34:41.182652,1,1,1,21,90,0,0
2025-12-03 02:34:54.046698,1,1,1,22,90,0,0
2025-12-03 02:35:07.008114,1,1,1,23,90,0,0
2025-12-03 02:35:19.966754,1,1,1,23,90,0,0
2025-12-03 02:35:33.431122,1,1,1,23,88,0,0
2025-12-03 02:35:46.790231,1,1,1,24,87,0,0
2025-12-03 02:35:59.599341,1,1,1,24,72,0,0
2025-12-03 02:36:13.561790,1,1,1,24,66,0,0
2025-12-03 02:36:27.921100,1,1,1,24,66,0,0
2025-12-03 02:36:41.232225,1,1,1,23,67,0,0
2025-12-03 02:36:54.095563,1,1,1,24,63,0,0
2025-12-03 02:37:07.055259,1,1,1,24,63,0,0
2025-12-03 02:37:20.074799,1,1,1,24,63,0,0
2025-12-03 02:37:33.941653,1,1,1,24,62,0,0
2025-12-03 02:37:47.287185,1,1,1,24,62,0,0
2025-12-03 02:38:00.098476,1,1,1,24,64,0,0
2025-12-03 02:38:13.011996,1,1,1,24,67,0,0
2025-12-03 02:38:25.819353,1,1,1,22,77,0,0
2025-12-03 02:38:39.681480,1,1,1,23,70,0,0
2025-12-03 02:38:52.691517,1,1,1,24,64,0,0
2025-12-03 02:39:05.651451,1,1,1,24,64,0,0
2025-12-03 02:39:19.113390,1,1,1,24,67,0,0
2025-12-03 02:39:32.125004,1,1,1,18,72,0,0
2025-12-03 02:39:45.984635,1,1,1,13,68,0,0
2025-12-03 02:39:59.295018,1,1,1,12,70,0,0
2025-12-03 02:40:12.176348,1,1,1,12,65,0,0
2025-12-03 02:40:25.072466,1,1,1,12,63,0,0
2025-12-03 02:40:37.886279,1,1,1,12,71,0,0
2025-12-03 02:40:51.705463,1,1,1,12,84,0,0
2025-12-03 02:41:05.118870,1,1,1,12,86,0,0
2025-12-03 02:41:18.542860,1,1,2,12,86,0,0
2025-12-03 02:41:31.442589,1,1,1,12,86,0,0
2025-12-03 02:41:44.203999,1,2,6,15,86,0,0
2025-12-03 02:41:58.069276,1,2,3,17,86,0,0
2025-12-03 02:42:11.390339,1,1,2,17,80,0,0
2025-12-03 02:42:24.299608,1,1,1,15,80,0,0
2025-12-03 02:42:37.113853,1,1,1,15,75,0,0
2025-12-03 02:42:49.927257,1,1,2,14,63,0,0
2025-12-03 02:43:03.738810,1,2,2,14,75,0,0
2025-12-03 02:43:17.151912,1,2,7,12,66,0,0
2025-12-03 02:43:30.036654,1,1,1,16,72,0,0
2025-12-03 02:43:43.433299,1,2,1,17,81,0,0
2025-12-03 02:43:56.245407,1,2,4,21,88,0,0
2025-12-03 02:44:10.112453,1,1,1,20,84,0,0
2025-12-03 02:44:23.434235,1,2,1,22,72,0,0
2025-12-03 02:44:36.345118,1,2,6,21,64,0,0
2025-12-03 02:44:49.206497,1,1,1,23,63,0,0
2025-12-03 02:45:02.016085,1,2,1,23,62,0,0
2025-12-03 02:45:14.883102,1,2,1,24,62,0,0
2025-12-03 02:45:28.696750,1,2,7,24,76,0,0
2025-12-03 02:45:42.060789,1,1,4,24,63,0,0
2025-12-03 02:45:54.927026,1,1,4,22,63,0,0
2025-12-03 02:46:07.785192,1,1,1,23,63,0,0
2025-12-03 02:46:21.148175,1,2,1,24,63,0,0
2025-12-03 02:46:34.561843,1,2,2,24,63,0,0
2025-12-03 02:46:47.377226,1,1,1,24,62,0,0
2025-12-03 02:47:01.239892,1,1,1,24,62,0,0
2025-12-03 02:47:14.051565,1,2,4,25,72,0,0
2025-12-03 02:47:28.366006,1,1,1,25,87,0,0
2025-12-03 02:47:41.280397,1,1,1,25,90,0,0
2025-12-03 02:47:55.845815,1,1,1,25,88,0,0
2025-12-03 02:48:10.216875,1,1,1,25,66,0,0
2025-12-03 02:48:23.522820,1,1,1,25,65,0,0
2025-12-03 02:48:36.388671,1,1,1,25,65,0,0
2025-12-03 02:48:49.303579,1,2,3,25,65,0,0
2025-12-03 02:49:02.118832,1,2,2,25,65,0,0
2025-12-03 02:49:14.981800,1,1,4,25,64,0,0
2025-12-03 02:49:28.844756,1,1,1,25,64,0,0
2025-12-03 02:49:42.759557,1,2,1,25,62,0,0
2025-12-03 02:49:55.569516,1,2,1,22,62,0,0
2025-12-03 02:50:08.432879,1,2,2,19,62,0,0
2025-12-03 02:50:22.300451,1,2,4,18,63,0,0
2025-12-03 02:50:36.864514,1,2,2,22,78,0,0
2025-12-03 02:50:49.823468,1,2,2,20,69,0,0
2025-12-03 02:51:03.199748,1,2,4,21,62,0,0
2025-12-03 02:51:16.002791,1,1,4,22,62,0,0
2025-12-03 02:51:28.924421,1,1,4,19,62,0,0
2025-12-03 02:51:42.848870,1,1,1,17,62,0,0
2025-12-03 02:51:55.642039,1,2,4,18,67,0,0
2025-12-03 02:52:09.005480,1,2,20,20,67,0,0
2025-12-03 02:52:22.918614,1,1,1,16,67,0,0
2025-12-03 02:52:36.832838,1,2,1,14,71,0,0
2025-12-03 02:52:49.647752,1,2,5,14,71,0,0
2025-12-03 02:53:02.511370,1,1,1,12,71,0,0
2025-12-03 02:53:16.374334,1,1,1,16,71,0,0
2025-12-03 02:53:29.687668,1,1,1,12,72,0,0
2025-12-03 02:53:44.056558,1,1,1,12,75,0,0
2025-12-03 02:53:56.974331,1,2,1,16,81,0,0
2025-12-03 02:54:09.882625,1,1,4,21,81,0,0
2025-12-03 02:54:22.697409,1,1,1,14,73,0,0
2025-12-03 02:54:35.625381,1,2,4,18,69,0,0
2025-12-03 02:54:50.023697,1,2,1,22,69,0,0
2025-12-03 02:55:04.390230,1,1,1,23,69,0,0
2025-12-03 02:55:17.705699,1,1,1,14,69,0,0
2025-12-03 02:55:30.568703,1,2,5,12,69,0,0
2025-12-03 02:55:43.481363,1,1,3,12,71,0,0
2025-12-03 02:55:56.299713,1,1,1,12,76,0,0
2025-12-03 02:56:10.160585,1,1,1,12,67,0,0
2025-12-03 02:56:23.027580,1,1,1,12,67,0,0
2025-12-03 02:56:36.935955,1,1,1,12,67,0,0
2025-12-03 02:56:49.747327,1,1,1,12,67,0,0
2025-12-03 02:57:02.669917,1,1,1,12,67,0,0
2025-12-03 02:57:16.481152,1,1,1,12,71,0,0
2025-12-03 02:57:29.344302,1,1,1,12,83,0,0
2025-12-03 02:57:42.210097,1,2,4,12,85,0,0
2025-12-03 02:57:56.074683,1,1,4,12,85,0,0
2025-12-03 02:58:09.442079,1,2,4,12,81,0,0
2025-12-03 02:58:22.246136,1,1,3,12,83,0,0
2025-12-03 02:58:35.112602,1,1,1,12,81,0,0
2025-12-03 02:58:49.024533,1,1,1,12,82,0,0
2025-12-03 02:59:02.338369,1,1,1,12,82,0,0
2025-12-03 02:59:16.152455,1,2,2,12,82,0,0
2025-12-03 02:59:29.565432,1,2,9,12,82,0,0
2025-12-03 02:59:42.475076,1,2,25,12,81,0,0
2025-12-03 02:59:55.238263,1,2,3,24,100,0,0
2025-12-03 03:00:08.152141,1,2,4,20,100,0,0
2025-12-03 03:00:21.518946,1,1,1,19,93,0,0
2025-12-03 03:00:35.859544,1,1,1,17,85,0,0
2025-12-03 03:00:47.745476,1,1,1,18,73,0,0
2025-12-03 03:01:01.611614,1,1,1,21,72,0,0
2025-12-03 03:01:14.424585,1,1,1,21,65,0,0
2025-12-03 03:01:28.237222,1,2,1,22,64,0,0
2025-12-03 03:01:41.650732,1,2,3,23,64,0,0
2025-12-03 03:01:55.064357,1,1,3,24,64,0,0
2025-12-03 03:02:07.876352,1,1,2,24,64,0,0
2025-12-03 03:02:20.790154,1,1,1,24,64,0,0
2025-12-03 03:02:34.614647,1,1,1,24,64,0,0
2025-12-03 03:02:47.918160,1,1,1,24,64,0,0
2025-12-03 03:03:00.833226,1,1,1,25,69,0,0
2025-12-03 03:03:13.647070,1,2,4,25,78,0,0
2025-12-03 03:03:26.461131,1,1,1,25,84,0,0
2025-12-03 03:03:40.276265,1,1,2,25,84,0,0
2025-12-03 03:03:53.692296,1,1,1,25,84,0,0
2025-12-03 03:04:06.559021,1,2,3,23,84,0,0
2025-12-03 03:04:20.373084,1,1,1,24,86,0,0
2025-12-03 03:04:33.238422,1,1,1,24,84,0,0
2025-12-03 03:04:46.150944,1,1,1,24,86,0,0
2025-12-03 03:04:58.966846,1,1,1,25,88,0,0
2025-12-03 03:05:11.831974,1,2,2,25,88,0,0
2025-12-03 03:05:25.751068,1,1,2,25,85,0,0
2025-12-03 03:05:40.708416,1,2,1,24,81,0,0
2025-12-03 03:05:53.523904,1,2,2,25,81,0,0
2025-12-03 03:06:07.439356,1,1,2,25,83,0,0
2025-12-03 03:06:20.303907,1,2,2,24,85,0,0
2025-12-03 03:06:33.665263,1,1,1,24,81,0,0
2025-12-03 03:06:46.479301,1,1,2,24,77,0,0
2025-12-03 03:06:59.294761,1,2,2,25,83,0,0
2025-12-03 03:07:13.207919,1,1,2,25,88,0,0
2025-12-03 03:07:26.021725,1,1,2,24,79,0,0
2025-12-03 03:07:38.889235,1,1,1,18,79,0,0
2025-12-03 03:07:52.754430,1,2,1,21,79,0,0
2025-12-03 03:08:06.093501,1,2,4,22,77,0,0
2025-12-03 03:08:18.933748,1,1,1,23,86,0,0
2025-12-03 03:08:31.798353,1,1,4,24,80,0,0
2025-12-03 03:08:44.614187,1,1,1,24,74,0,0
2025-12-03 03:08:58.476893,1,1,3,24,74,0,0
2025-12-03 03:09:11.390781,1,1,1,23,67,0,0
2025-12-03 03:09:25.305674,1,1,1,21,71,0,0
2025-12-03 03:09:38.623946,1,1,4,14,65,0,0
2025-12-03 03:09:52.434567,1,2,1,17,65,0,0
2025-12-03 03:10:05.847835,1,2,2,16,65,0,0
2025-12-03 03:10:18.718378,1,2,2,13,65,0,0
2025-12-03 03:10:31.530354,1,1,3,12,69,0,0
2025-12-03 03:10:44.395138,1,1,2,15,74,0,0
2025-12-03 03:10:57.757816,1,2,2,14,65,0,0
2025-12-03 03:11:10.573521,1,1,1,16,64,0,0
2025-12-03 03:11:23.439204,1,2,1,16,67,0,0
2025-12-03 03:11:37.350985,1,2,1,19,82,0,0
2025-12-03 03:11:50.165569,1,2,2,21,82,0,0
2025-12-03 03:12:03.028345,1,2,1,23,81,0,0
2025-12-03 03:12:16.842880,1,2,3,24,81,0,0
2025-12-03 03:12:30.160491,1,2,1,23,81,0,0
2025-12-03 03:12:43.073936,1,2,2,24,83,0,0
2025-12-03 03:12:55.938935,1,1,1,24,83,0,0
2025-12-03 03:13:10.534600,1,2,1,25,93,0,0
2025-12-03 03:13:23.972155,1,2,7,25,93,0,0
2025-12-03 03:13:37.405083,1,2,1,25,76,0,0
2025-12-03 03:13:50.205042,1,2,2,24,78,0,0
2025-12-03 03:14:03.063894,1,1,2,24,78,0,0
2025-12-03 03:14:16.930609,1,2,4,24,77,0,0
2025-12-03 03:14:29.743854,1,2,2,23,77,0,0
2025-12-03 03:14:43.605983,1,1,3,23,77,0,0
2025-12-03 03:14:56.518856,1,2,6,23,77,0,0
2025-12-03 03:15:09.882313,1,1,2,24,86,0,0
2025-12-03 03:15:22.646857,1,2,2,25,99,0,0
2025-12-03 03:15:35.559547,1,2,1,25,99,0,0
2025-12-03 03:15:51.123964,1,1,1,23,85,0,0
2025-12-03 03:16:04.945418,1,2,4,17,76,0,0
2025-12-03 03:16:18.254099,1,2,5,17,74,0,0
2025-12-03 03:16:31.174361,1,2,3,16,70,0,0
2025-12-03 03:16:44.035269,1,2,2,18,82,0,0
2025-12-03 03:16:59.003872,1,1,1,14,85,0,0
2025-12-03 03:17:11.817996,1,1,1,12,85,0,0
2025-12-03 03:17:25.731495,1,2,2,11,85,0,0
2025-12-03 03:17:38.595061,1,1,1,11,85,0,0
2025-12-03 03:17:51.961089,1,1,1,12,85,0,0
2025-12-03 03:18:04.726022,1,2,1,17,85,0,0
2025-12-03 03:18:18.141308,1,2,5,15,85,0,0
2025-12-03 03:18:32.052815,1,1,2,12,66,0,0
2025-12-03 03:18:44.864438,1,2,3,12,66,0,0
2025-12-03 03:18:58.686342,1,2,6,12,66,0,0
2025-12-03 03:19:12.092221,1,1,1,12,66,0,0
2025-12-03 03:19:24.961539,1,1,1,12,66,0,0
2025-12-03 03:19:37.726508,1,2,1,12,69,0,0
2025-12-03 03:19:50.691832,1,1,1,12,69,0,0
2025-12-03 03:20:05.051746,1,2,1,12,71,0,0
2025-12-03 03:20:18.365201,1,2,2,12,83,0,0
2025-12-03 03:20:31.232268,1,2,2,14,79,0,0
2025-12-03 03:20:44.150001,1,1,2,14,79,0,0
2025-12-03 03:20:58.007919,1,1,1,20,73,0,0
2025-12-03 03:21:10.783206,1,1,6,21,65,0,0
2025-12-03 03:21:23.685622,1,1,1,23,65,0,0
2025-12-03 03:21:37.599590,1,2,2,23,63,0,0
2025-12-03 03:21:50.414178,1,2,1,23,62,0,0
2025-12-03 03:22:03.326056,1,1,1,18,63,0,0
2025-12-03 03:22:17.788336,1,1,3,13,62,0,0
2025-12-03 03:22:30.704228,1,2,2,15,62,0,0
2025-12-03 03:22:43.617245,1,2,4,17,72,0,0
2025-12-03 03:22:56.479742,1,2,6,20,68,0,0
2025-12-03 03:23:09.348144,1,1,1,23,68,0,0
2025-12-03 03:23:23.155908,1,2,2,22,68,0,0
2025-12-03 03:23:36.470753,1,1,1,20,72,0,0
2025-12-03 03:23:49.287710,1,1,1,17,81,0,0
2025-12-03 03:24:02.652958,1,2,1,18,84,0,0
2025-12-03 03:24:15.466298,1,2,2,22,85,0,0
2025-12-03 03:24:28.327685,1,2,1,23,86,0,0
2025-12-03 03:24:41.247402,1,1,1,22,75,0,0
2025-12-03 03:24:54.110456,1,2,4,13,71,0,0
2025-12-03 03:25:06.868620,1,1,1,17,70,0,0
2025-12-03 03:25:20.784618,1,1,1,19,70,0,0
2025-12-03 03:25:34.151590,1,2,1,13,78,0,0
2025-12-03 03:25:46.915821,1,1,2,18,81,0,0
2025-12-03 03:25:59.828024,1,2,1,19,66,0,0
2025-12-03 03:26:13.742438,1,2,1,21,65,0,0
2025-12-03 03:26:27.056101,1,2,4,20,65,0,0
2025-12-03 03:26:41.375819,1,1,2,23,65,0,0
2025-12-03 03:26:54.325797,1,1,1,23,71,0,0
2025-12-03 03:27:07.154927,1,2,2,19,69,0,0
2025-12-03 03:27:21.079499,1,1,1,15,66,0,0
2025-12-03 03:27:34.933824,1,1,7,13,72,0,0
2025-12-03 03:27:47.847529,1,1,1,17,71,0,0
2025-12-03 03:28:01.761741,1,2,2,12,70,0,0
2025-12-03 03:28:14.575339,1,1,4,11,80,0,0
2025-12-03 03:28:27.484710,1,1,1,11,79,0,0
2025-12-03 03:28:41.301440,1,2,5,19,75,0,0
2025-12-03 03:28:54.115997,1,2,2,17,70,0,0
2025-12-03 03:29:07.980056,1,1,4,18,66,0,0
2025-12-03 03:29:20.897792,1,2,3,14,66,0,0
2025-12-03 03:29:34.259499,1,1,6,14,62,0,0
2025-12-03 03:29:47.021619,1,1,1,13,63,0,0
2025-12-03 03:29:59.936698,1,2,2,11,64,0,0
2025-12-03 03:30:13.350135,1,2,4,17,64,0,0
2025-12-03 03:30:26.215952,1,1,3,22,63,0,0
2025-12-03 03:30:39.029088,1,2,2,18,63,0,0
2025-12-03 03:30:51.996135,1,1,1,14,63,0,0
2025-12-03 03:31:05.406746,1,2,3,13,63,0,0
2025-12-03 03:31:18.231031,1,2,1,21,63,0,0
2025-12-03 03:31:32.080367,1,1,1,21,62,0,0
2025-12-03 03:31:44.992536,1,2,3,22,62,0,0
2025-12-03 03:31:59.357953,1,1,1,23,62,0,0
2025-12-03 03:32:12.671141,1,1,1,23,62,0,0
2025-12-03 03:32:25.552451,1,1,2,23,62,0,0
2025-12-03 03:32:38.451840,1,1,1,23,62,0,0
2025-12-03 03:32:53.024549,1,2,7,22,62,0,0
2025-12-03 03:33:06.431230,1,2,2,16,62,0,0
2025-12-03 03:33:19.298689,1,2,3,15,62,0,0
2025-12-03 03:33:32.111634,1,1,1,15,62,0,0
2025-12-03 03:33:46.022043,1,2,5,14,62,0,0
2025-12-03 03:33:58.935878,1,2,2,14,63,0,0
2025-12-03 03:34:11.948515,1,2,6,15,62,0,0
2025-12-03 03:34:25.314914,1,1,2,15,62,0,0
2025-12-03 03:34:38.134669,1,1,2,16,62,0,0
2025-12-03 03:34:51.049237,1,2,3,13,62,0,0
2025-12-03 03:35:04.406893,1,2,3,19,67,0,0
2025-12-03 03:35:17.172580,1,1,2,17,72,0,0
2025-12-03 03:35:30.034115,1,1,1,16,66,0,0
2025-12-03 03:35:43.952859,1,1,2,14,63,0,0
2025-12-03 03:35:56.759540,1,1,1,14,63,0,0
2025-12-03 03:36:09.625066,1,1,3,15,63,0,0
2025-12-03 03:36:23.489212,1,1,1,18,76,0,0
2025-12-03 03:36:36.800940,1,2,10,15,63,0,0
2025-12-03 03:36:49.814235,1,2,5,15,66,0,0
2025-12-03 03:37:02.628461,1,1,1,23,100,0,0
2025-12-03 03:37:15.549235,1,2,4,20,100,0,0
2025-12-03 03:37:28.410071,1,1,1,20,85,0,0
2025-12-03 03:37:41.272929,1,2,1,13,86,0,0
2025-12-03 03:37:54.138077,1,2,3,11,86,0,0
2025-12-03 03:38:09.200792,1,1,1,12,78,0,0
2025-12-03 03:38:22.115386,1,1,1,12,78,0,0
2025-12-03 03:38:35.035993,1,1,1,12,78,0,0
2025-12-03 03:38:47.842294,1,2,4,13,78,0,0
2025-12-03 03:39:00.707527,1,1,1,12,76,0,0
2025-12-03 03:39:14.622251,1,1,1,17,72,0,0
2025-12-03 03:39:28.488274,1,1,2,20,69,0,0
2025-12-03 03:39:41.255260,1,1,2,23,70,0,0
2025-12-03 03:39:54.177634,1,2,3,20,72,0,0
2025-12-03 03:40:08.081069,1,2,3,17,74,0,0
2025-12-03 03:40:20.891710,1,1,2,15,72,0,0
2025-12-03 03:40:33.757985,1,1,2,15,72,0,0
2025-12-03 03:40:47.171844,1,1,1,14,69,0,0
2025-12-03 03:41:00.088832,1,1,2,19,69,0,0
2025-12-03 03:41:12.899189,1,1,1,21,69,0,0
2025-12-03 03:41:25.769622,1,1,2,21,69,0,0
2025-12-03 03:41:38.681855,1,2,2,20,69,0,0
2025-12-03 03:41:51.496781,1,2,2,18,69,0,0
2025-12-03 03:42:04.937613,1,2,1,18,75,0,0
2025-12-03 03:42:18.731842,1,1,1,14,75,0,0
2025-12-03 03:42:32.145629,1,1,1,12,77,0,0
2025-12-03 03:42:44.959628,1,2,3,12,83,0,0
2025-12-03 03:42:57.880907,1,1,1,11,83,0,0
2025-12-03 03:43:12.186553,1,2,2,11,78,0,0
2025-12-03 03:43:25.582544,1,1,1,12,78,0,0
2025-12-03 03:43:38.416266,1,1,1,11,78,0,0
2025-12-03 03:43:51.284315,1,2,1,11,71,0,0
2025-12-03 03:44:04.652864,1,1,2,18,71,0,0
2025-12-03 03:44:17.458786,1,1,1,22,71,0,0
2025-12-03 03:44:30.273235,1,2,1,18,80,0,0
2025-12-03 03:44:44.186553,1,1,3,18,83,0,0
2025-12-03 03:44:57.003431,1,1,2,18,83,0,0
2025-12-03 03:45:09.865925,1,2,1,19,83,0,0
2025-12-03 03:45:23.729647,1,2,3,18,83,0,0
2025-12-03 03:45:37.042594,1,1,1,16,69,0,0
2025-12-03 03:45:49.905880,1,2,13,16,73,0,0
2025-12-03 03:46:02.771706,1,2,3,13,67,0,0
2025-12-03 03:46:15.583492,1,1,1,12,67,0,0
2025-12-03 03:46:29.394355,1,2,1,12,74,0,0
2025-12-03 03:46:42.818574,1,1,1,11,80,0,0
2025-12-03 03:46:55.674077,1,2,2,13,71,0,0
2025-12-03 03:47:09.182634,1,2,3,17,75,0,0
2025-12-03 03:47:22.451338,1,1,3,14,75,0,0
2025-12-03 03:47:36.311514,1,1,2,14,62,0,0
2025-12-03 03:47:49.677303,1,1,1,13,62,0,0
2025-12-03 03:48:02.491009,1,2,1,11,62,0,0
2025-12-03 03:48:15.414265,1,2,3,11,62,0,0
2025-12-03 03:48:28.863538,1,2,4,11,67,0,0
2025-12-03 03:48:42.327220,1,2,8,13,74,0,0
2025-12-03 03:48:55.747666,1,2,10,18,74,0,0
2025-12-03 03:49:08.550765,1,2,4,11,69,0,0
2025-12-03 03:49:21.424619,1,1,1,20,66,0,0
2025-12-03 03:49:34.779647,1,1,3,14,66,0,0
2025-12-03 03:49:47.543482,1,1,1,15,72,0,0
2025-12-03 03:50:00.465567,1,2,3,18,78,0,0
2025-12-03 03:50:14.867337,1,1,1,14,77,0,0
2025-12-03 03:50:27.681147,1,2,2,18,85,0,0
2025-12-03 03:50:41.541369,1,2,10,16,82,0,0
2025-12-03 03:50:54.553035,1,2,44,23,100,0,0
2025-12-03 03:51:07.513747,1,2,1,22,100,0,0
2025-12-03 03:51:20.977392,1,1,1,22,100,0,0
2025-12-03 03:51:34.889329,1,1,1,23,97,0,0
2025-12-03 03:51:48.197066,1,1,1,22,95,0,0
2025-12-03 03:52:01.259519,1,1,1,15,89,0,0
2025-12-03 03:52:14.023878,1,1,1,20,73,0,0
2025-12-03 03:52:26.981014,1,1,1,20,66,0,0
2025-12-03 03:52:40.895580,1,1,1,21,63,0,0
2025-12-03 03:52:54.206362,1,1,1,16,63,0,0
2025-12-03 03:53:07.119359,1,1,1,19,63,0,0
2025-12-03 03:53:21.027661,1,1,1,21,63,0,0
2025-12-03 03:53:34.887176,1,1,1,21,63,0,0
2025-12-03 03:53:47.658594,1,1,1,20,62,0,0
2025-12-03 03:54:00.662206,1,1,1,22,62,0,0
2025-12-03 03:54:13.670827,1,1,1,19,62,0,0
2025-12-03 03:54:27.529990,1,1,1,17,62,0,0
2025-12-03 03:54:40.941414,1,1,1,15,62,0,0
2025-12-03 03:54:54.252428,1,1,1,13,62,0,0
2025-12-03 03:55:07.165134,1,1,1,11,62,0,0
2025-12-03 03:55:21.072830,1,1,1,11,63,0,0
2025-12-03 03:55:35.031726,1,1,1,15,65,0,0
2025-12-03 03:55:47.945988,1,1,1,20,76,0,0
2025-12-03 03:56:00.752326,1,1,1,21,76,0,0
2025-12-03 03:56:13.673223,1,1,2,15,76,0,0
2025-12-03 03:56:26.724809,1,1,1,15,79,0,0
2025-12-03 03:56:39.585153,1,1,1,22,73,0,0
2025-12-03 03:56:52.947224,1,1,1,23,70,0,0
2025-12-03 03:57:05.879233,1,1,1,20,70,0,0
2025-12-03 03:57:18.724058,1,1,1,12,70,0,0
2025-12-03 03:57:31.679626,1,1,1,12,74,0,0
2025-12-03 03:57:45.138624,1,1,1,14,79,0,0
2025-12-03 03:57:59.107787,1,1,1,18,79,0,0
2025-12-03 03:58:11.957840,1,1,1,13,79,0,0
2025-12-03 03:58:24.822007,1,1,1,18,79,0,0
2025-12-03 03:58:37.733743,1,2,1,13,79,0,0
2025-12-03 03:58:51.707758,1,1,1,11,79,0,0
2025-12-03 03:59:06.054974,1,1,1,16,63,0,0
2025-12-03 03:59:19.367194,1,1,1,12,62,0,0
2025-12-03 03:59:32.244392,1,1,1,12,62,0,0
2025-12-03 03:59:45.190358,1,1,1,20,62,0,0
2025-12-03 03:59:59.150476,1,1,1,23,62,0,0
2025-12-03 04:00:12.011672,1,1,1,20,62,0,0
2025-12-03 04:00:24.908579,1,1,1,12,62,0,0
2025-12-03 04:00:37.780559,1,1,1,12,62,0,0
2025-12-03 04:00:50.795797,1,1,1,11,62,0,0
2025-12-03 04:01:03.751631,1,1,1,12,62,0,0
2025-12-03 04:01:18.164860,1,1,1,20,62,0,0
2025-12-03 04:01:31.031360,1,1,1,16,64,0,0
2025-12-03 04:01:43.840881,1,1,1,13,70,0,0
2025-12-03 04:01:57.793579,1,1,1,12,66,0,0
2025-12-03 04:02:12.204640,1,1,1,20,66,0,0
2025-12-03 04:02:25.062375,1,1,1,23,62,0,0
2025-12-03 04:02:37.877076,1,1,1,23,62,0,0
2025-12-03 04:02:51.843620,1,1,1,19,62,0,0
2025-12-03 04:03:06.197024,1,1,1,13,62,0,0
2025-12-03 04:03:19.059626,1,1,1,12,63,0,0
2025-12-03 04:03:31.873016,1,1,1,13,63,0,0
2025-12-03 04:03:45.837461,1,2,1,15,62,0,0
2025-12-03 04:04:00.191611,1,1,1,12,62,0,0
2025-12-03 04:04:13.507184,1,1,1,12,62,0,0
2025-12-03 04:04:26.408501,1,1,1,17,62,0,0
2025-12-03 04:04:39.327231,1,1,1,16,62,0,0
2025-12-03 04:04:53.259855,1,1,1,18,62,0,0
2025-12-03 04:05:06.556037,1,2,4,13,62,0,0
2025-12-03 04:05:19.415228,1,1,1,15,67,0,0
2025-12-03 04:05:33.284837,1,1,1,15,72,0,0
2025-12-03 04:05:46.641747,1,1,2,15,72,0,0
2025-12-03 04:05:59.455189,1,2,4,14,75,0,0
2025-12-03 04:06:12.328598,1,2,2,16,75,0,0
2025-12-03 04:06:25.138052,1,2,1,13,63,0,0
2025-12-03 04:06:37.946605,1,1,2,16,63,0,0
2025-12-03 04:06:51.861812,1,1,1,12,63,0,0
2025-12-03 04:07:05.225673,1,2,1,11,63,0,0
2025-12-03 04:07:17.985196,1,1,2,11,63,0,0
2025-12-03 04:07:30.902954,1,1,1,11,63,0,0
2025-12-03 04:07:44.814539,1,1,2,11,68,0,0
2025-12-03 04:07:58.627570,1,1,1,11,62,0,0
2025-12-03 04:08:11.490635,1,2,2,11,62,0,0
2025-12-03 04:08:24.357642,1,2,3,11,62,0,0
2025-12-03 04:08:37.168305,1,2,1,18,62,0,0
2025-12-03 04:08:51.083475,1,2,1,22,67,0,0
2025-12-03 04:09:03.947059,1,1,1,13,78,0,0
2025-12-03 04:09:18.362444,1,2,1,11,74,0,0
2025-12-03 04:09:31.184370,1,2,1,11,74,0,0
2025-12-03 04:09:45.040183,1,1,1,18,74,0,0
2025-12-03 04:09:57.958772,1,2,1,14,74,0,0
2025-12-03 04:10:11.319319,1,1,1,12,74,0,0
2025-12-03 04:10:24.092331,1,2,1,20,73,0,0
2025-12-03 04:10:37.095677,1,2,1,23,80,0,0
2025-12-03 04:10:49.967712,1,1,5,23,77,0,0
2025-12-03 04:11:02.869990,1,1,1,17,77,0,0
2025-12-03 04:11:15.681622,1,2,1,19,77,0,0
2025-12-03 04:11:28.549429,1,1,1,23,76,0,0
2025-12-03 04:11:42.408949,1,1,2,23,76,0,0
2025-12-03 04:11:55.774991,1,2,3,23,76,0,0
2025-12-03 04:12:09.083313,1,2,3,23,77,0,0
2025-12-03 04:12:22.002836,1,1,1,23,76,0,0
2025-12-03 04:12:35.363158,1,1,1,23,76,0,0
2025-12-03 04:12:48.142107,1,1,1,23,76,0,0
2025-12-03 04:13:01.042510,1,1,3,23,69,0,0
2025-12-03 04:13:14.957041,1,1,1,24,69,0,0
2025-12-03 04:13:29.391195,1,1,2,24,66,0,0
2025-12-03 04:13:42.192803,1,1,1,23,64,0,0
2025-12-03 04:13:55.056874,1,2,1,22,64,0,0
2025-12-03 04:14:08.968030,1,1,3,22,63,0,0
2025-12-03 04:14:21.776258,1,1,3,22,63,0,0
2025-12-03 04:14:34.692734,1,2,2,23,63,0,0
2025-12-03 04:14:49.056008,1,1,1,24,63,0,0
2025-12-03 04:15:02.970356,1,1,1,23,69,0,0
2025-12-03 04:15:15.829549,1,2,1,23,70,0,0
2025-12-03 04:15:28.696022,1,1,2,23,70,0,0
2025-12-03 04:15:42.517116,1,1,1,23,74,0,0
2025-12-03 04:15:55.829184,1,2,1,23,72,0,0
2025-12-03 04:16:08.737968,1,1,1,23,64,0,0
2025-12-03 04:16:21.551641,1,1,1,23,65,0,0
2025-12-03 04:16:34.363186,1,2,2,23,77,0,0
2025-12-03 04:16:48.681089,1,1,1,23,67,0,0
2025-12-03 04:17:01.606256,1,1,1,23,67,0,0
2025-12-03 04:17:14.462684,1,2,1,23,73,0,0
2025-12-03 04:17:28.281716,1,1,1,23,71,0,0
2025-12-03 04:17:41.191745,1,1,1,23,71,0,0
2025-12-03 04:17:54.600436,1,2,2,23,71,0,0
2025-12-03 04:18:07.416962,1,1,1,23,67,0,0
2025-12-03 04:18:21.283400,1,1,1,23,62,0,0
2025-12-03 04:18:34.242777,1,1,5,24,62,0,0
2025-12-03 04:18:48.608255,1,1,1,23,62,0,0
2025-12-03 04:19:01.475536,1,2,3,23,62,0,0
2025-12-03 04:19:14.288405,1,1,3,23,62,0,0
2025-12-03 04:19:28.203019,1,1,3,22,62,0,0
2025-12-03 04:19:41.584233,1,1,2,23,62,0,0
2025-12-03 04:19:54.324846,1,2,2,23,62,0,0
2025-12-03 04:20:07.238290,1,1,1,19,62,0,0
2025-12-03 04:20:22.201522,1,1,1,22,62,0,0
2025-12-03 04:20:35.570921,1,2,2,23,74,0,0
2025-12-03 04:20:48.381352,1,2,2,23,89,0,0
2025-12-03 04:21:01.243037,1,1,1,22,89,0,0
2025-12-03 04:21:15.204253,1,1,1,22,69,0,0
2025-12-03 04:21:28.524062,1,2,1,23,63,0,0
2025-12-03 04:21:42.333454,1,1,2,23,63,0,0
2025-12-03 04:21:55.255845,1,1,1,23,63,0,0
2025-12-03 04:22:09.213710,1,1,2,23,63,0,0
2025-12-03 04:22:22.523676,1,1,1,23,63,0,0
2025-12-03 04:22:36.342150,1,2,3,22,63,0,0
2025-12-03 04:22:49.748217,1,1,1,22,64,0,0
2025-12-03 04:23:02.615839,1,2,1,22,64,0,0
2025-12-03 04:23:15.383054,1,1,2,22,64,0,0
2025-12-03 04:23:28.292332,1,1,1,21,64,0,0
2025-12-03 04:23:43.423016,1,2,3,23,64,0,0
2025-12-03 04:23:54.470489,1,2,3,23,62,0,0
2025-12-03 04:24:07.334080,1,1,2,23,62,0,0
2025-12-03 04:24:21.245209,1,1,1,23,68,0,0
2025-12-03 04:24:34.610018,1,1,4,23,68,0,0
2025-12-03 04:24:47.428811,1,1,1,19,67,0,0
2025-12-03 04:25:01.339214,1,2,3,22,64,0,0
2025-12-03 04:25:15.251333,1,2,4,22,62,0,0
2025-12-03 04:25:28.109695,1,1,1,22,62,0,0
2025-12-03 04:25:40.973528,1,2,1,14,62,0,0
2025-12-03 04:25:54.339405,1,2,1,20,64,0,0
2025-12-03 04:26:07.673199,1,1,3,14,70,0,0
2025-12-03 04:26:20.463005,1,1,1,12,63,0,0
2025-12-03 04:26:34.377404,1,2,1,14,63,0,0
2025-12-03 04:26:47.738318,1,2,1,21,63,0,0
2025-12-03 04:27:00.552529,1,1,3,14,63,0,0
2025-12-03 04:27:13.428637,1,1,1,13,62,0,0
2025-12-03 04:27:27.326985,1,1,1,11,62,0,0
2025-12-03 04:27:41.153470,1,1,1,18,62,0,0
2025-12-03 04:27:53.957255,1,1,1,21,62,0,0
2025-12-03 04:28:06.868976,1,2,2,22,62,0,0
2025-12-03 04:28:19.683008,1,1,1,14,62,0,0
2025-12-03 04:28:34.143575,1,2,2,12,62,0,0
2025-12-03 04:28:47.007105,1,1,2,11,62,0,0
2025-12-03 04:29:00.879384,1,2,1,11,62,0,0
2025-12-03 04:29:14.379405,1,1,1,15,62,0,0
2025-12-03 04:29:27.743330,1,1,1,17,62,0,0
2025-12-03 04:29:40.626761,1,1,1,13,62,0,0
2025-12-03 04:29:53.518916,1,2,2,12,62,0,0
2025-12-03 04:30:07.029705,1,2,1,12,62,0,0
2025-12-03 04:30:19.951161,1,2,1,15,68,0,0
2025-12-03 04:30:32.858697,1,1,1,20,83,0,0
2025-12-03 04:30:46.220031,1,2,2,15,88,0,0
2025-12-03 04:30:59.084994,1,1,1,14,89,0,0
2025-12-03 04:31:12.448766,1,1,6,14,90,0,0
2025-12-03 04:31:25.762445,1,2,5,13,90,0,0
2025-12-03 04:31:39.627078,1,1,7,12,79,0,0
2025-12-03 04:31:52.542677,1,1,1,12,70,0,0
2025-12-03 04:32:05.453551,1,1,1,12,70,0,0
2025-12-03 04:32:18.818837,1,1,3,11,70,0,0
2025-12-03 04:32:31.690456,1,1,1,12,70,0,0
2025-12-03 04:32:44.548088,1,2,1,18,79,0,0
2025-12-03 04:32:57.462430,1,1,4,19,84,0,0
2025-12-03 04:33:10.289717,1,1,1,17,84,0,0
2025-12-03 04:33:23.094869,1,2,7,21,85,0,0
2025-12-03 04:33:36.960804,1,2,4,23,83,0,0
2025-12-03 04:33:50.287058,1,1,1,23,76,0,0
2025-12-03 04:34:03.191475,1,2,8,21,76,0,0
2025-12-03 04:34:16.504720,1,1,4,21,70,0,0
2025-12-03 04:34:30.834722,1,1,1,21,70,0,0
2025-12-03 04:34:45.139505,1,1,1,21,70,0,0
2025-12-03 04:34:58.067951,1,1,1,23,78,0,0
2025-12-03 04:35:10.867851,1,2,16,23,76,0,0
2025-12-03 04:35:24.726946,1,2,13,23,81,0,0
2025-12-03 04:35:37.749363,1,1,1,23,84,0,0
2025-12-03 04:35:50.695330,1,1,1,23,84,0,0
2025-12-03 04:36:04.761605,1,1,2,19,84,0,0
2025-12-03 04:36:17.719696,1,1,1,12,71,0,0
2025-12-03 04:36:31.181407,1,1,1,15,63,0,0
2025-12-03 04:36:44.138048,1,1,1,12,62,0,0
2025-12-03 04:36:57.657549,1,1,1,11,63,0,0
2025-12-03 04:37:10.612897,1,1,1,14,64,0,0
2025-12-03 04:37:23.987946,1,1,1,17,64,0,0
2025-12-03 04:37:36.843952,1,1,1,21,68,0,0
2025-12-03 04:37:49.799279,1,1,1,16,69,0,0
2025-12-03 04:38:02.715502,1,1,1,12,64,0,0
2025-12-03 04:38:16.121438,1,1,1,11,64,0,0
2025-12-03 04:38:28.931652,1,1,1,11,64,0,0
2025-12-03 04:38:42.792400,1,1,1,11,64,0,0
2025-12-03 04:38:55.757570,1,1,1,11,64,0,0
2025-12-03 04:39:10.230002,1,1,1,17,64,0,0
2025-12-03 04:39:24.124447,1,1,1,19,64,0,0
2025-12-03 04:39:37.438142,1,1,1,13,64,0,0
2025-12-03 04:39:50.350262,1,1,1,17,64,0,0
2025-12-03 04:40:03.859003,1,1,1,15,64,0,0
2025-12-03 04:40:16.813002,1,1,1,11,64,0,0
2025-12-03 04:40:31.134450,1,1,1,11,64,0,0
2025-12-03 04:40:44.445090,1,1,1,11,63,0,0
2025-12-03 04:40:57.309607,1,1,1,11,62,0,0
2025-12-03 04:41:10.268533,1,1,1,11,62,0,0
2025-12-03 04:41:24.226588,1,1,1,11,62,0,0
2025-12-03 04:41:37.088623,1,1,1,11,62,0,0
2025-12-03 04:41:49.905527,1,1,1,19,62,0,0
2025-12-03 04:42:02.859491,1,1,1,13,62,0,0
2025-12-03 04:42:15.833517,1,1,1,20,62,0,0
2025-12-03 04:42:29.284345,1,1,2,23,62,0,0
2025-12-03 04:42:42.744987,1,1,1,15,62,0,0
2025-12-03 04:42:56.059419,1,1,1,14,62,0,0
2025-12-03 04:43:09.970671,1,1,1,14,62,0,0
2025-12-03 04:43:22.882986,1,2,1,19,62,0,0
2025-12-03 04:43:37.244579,1,1,1,14,62,0,0
2025-12-03 04:43:50.555580,1,1,1,11,62,0,0
2025-12-03 04:44:03.379449,1,1,1,13,62,0,0
2025-12-03 04:44:16.278942,1,1,1,15,62,0,0
2025-12-03 04:44:29.087788,1,1,1,15,62,0,0
2025-12-03 04:44:43.449827,1,2,2,15,62,0,0
2025-12-03 04:44:56.317656,1,1,1,12,62,0,0
2025-12-03 04:45:09.176227,1,1,1,16,62,0,0
2025-12-03 04:45:21.987028,1,2,1,19,62,0,0
2025-12-03 04:45:34.900499,1,2,10,21,62,0,0
2025-12-03 04:45:50.016144,1,1,1,21,69,0,0
2025-12-03 04:46:02.886881,1,2,2,16,77,0,0
2025-12-03 04:46:15.799409,1,2,3,13,71,0,0
2025-12-03 04:46:28.606482,1,1,4,18,76,0,0
2025-12-03 04:46:41.475249,1,2,5,17,69,0,0
2025-12-03 04:46:55.334730,1,1,1,13,65,0,0
2025-12-03 04:47:10.448783,1,1,5,11,72,0,0
2025-12-03 04:47:23.412262,1,2,4,11,72,0,0
2025-12-03 04:47:36.875268,1,2,1,11,78,0,0
2025-12-03 04:47:50.192325,1,1,1,11,82,0,0
2025-12-03 04:48:04.106053,1,2,1,11,68,0,0
2025-12-03 04:48:16.970421,1,1,3,11,62,0,0
2025-12-03 04:48:30.332487,1,1,1,11,62,0,0
2025-12-03 04:48:43.654191,1,1,1,11,62,0,0
2025-12-03 04:48:56.561348,1,1,1,11,65,0,0
2025-12-03 04:49:10.433643,1,1,5,11,63,0,0
2025-12-03 04:49:23.244749,1,1,3,14,63,0,0
2025-12-03 04:49:37.060524,1,1,1,14,63,0,0
2025-12-03 04:49:50.020141,1,1,1,13,63,0,0
2025-12-03 04:50:04.437940,1,1,1,12,63,0,0
2025-12-03 04:50:17.251409,1,1,1,14,63,0,0
2025-12-03 04:50:31.063903,1,2,1,15,63,0,0
2025-12-03 04:50:44.478326,1,1,8,22,75,0,0
2025-12-03 04:50:57.341857,1,2,4,24,86,0,0
2025-12-03 04:51:10.807764,1,1,1,18,75,0,0
2025-12-03 04:51:23.620053,1,1,1,14,69,0,0
2025-12-03 04:51:37.435517,1,2,2,13,79,0,0
2025-12-03 04:51:50.749217,1,1,1,12,87,0,0
2025-12-03 04:52:03.663174,1,1,1,13,87,0,0
2025-12-03 04:52:16.530331,1,2,1,14,86,0,0
2025-12-03 04:52:30.395327,1,1,2,15,81,0,0
2025-12-03 04:52:43.766151,1,2,2,12,81,0,0
2025-12-03 04:52:56.679062,1,2,4,13,72,0,0
2025-12-03 04:53:10.540824,1,2,3,13,69,0,0
2025-12-03 04:53:23.358426,1,2,1,13,71,0,0
2025-12-03 04:53:37.176018,1,1,1,15,71,0,0
2025-12-03 04:53:50.093899,1,1,1,16,71,0,0
2025-12-03 04:54:04.000365,1,1,1,19,72,0,0
2025-12-03 04:54:16.815965,1,1,1,14,75,0,0
2025-12-03 04:54:29.683476,1,1,1,12,77,0,0
2025-12-03 04:54:43.150770,1,2,3,13,85,0,0
2025-12-03 04:54:57.112933,1,1,1,15,85,0,0
2025-12-03 04:55:10.027842,1,2,3,17,85,0,0
2025-12-03 04:55:23.347816,1,1,2,18,85,0,0
2025-12-03 04:55:36.162279,1,1,1,15,72,0,0
2025-12-03 04:55:51.679887,1,2,1,18,67,0,0
2025-12-03 04:56:04.598932,1,1,1,15,67,0,0
2025-12-03 04:56:17.413611,1,1,1,14,67,0,0
2025-12-03 04:56:31.228924,1,2,1,14,70,0,0
2025-12-03 04:56:44.642505,1,1,1,14,74,0,0
2025-12-03 04:56:58.058971,1,2,1,13,76,0,0
2025-12-03 04:57:10.876368,1,1,1,12,78,0,0
2025-12-03 04:57:23.741626,1,2,1,11,78,0,0
2025-12-03 04:57:37.603981,1,2,8,12,68,0,0
2025-12-03 04:57:50.919498,1,1,3,11,65,0,0
2025-12-03 04:58:04.340234,1,1,1,11,71,0,0
2025-12-03 04:58:17.205963,1,1,2,11,70,0,0
2025-12-03 04:58:30.569919,1,1,1,11,70,0,0
2025-12-03 04:58:43.337524,1,1,1,11,77,0,0
2025-12-03 04:58:56.250640,1,2,1,12,77,0,0
2025-12-03 04:59:10.669468,1,1,1,13,65,0,0
2025-12-03 04:59:23.485250,1,2,5,13,63,0,0
2025-12-03 04:59:37.802202,1,2,1,13,62,0,0
2025-12-03 04:59:50.720895,1,2,4,14,62,0,0
2025-12-03 05:00:04.187185,1,1,1,15,62,0,0
2025-12-03 05:00:17.563807,1,2,4,14,62,0,0
2025-12-03 05:00:30.398112,1,2,2,11,62,0,0
2025-12-03 05:00:44.236731,1,1,4,11,62,0,0
2025-12-03 05:00:58.051953,1,1,2,11,62,0,0
2025-12-03 05:01:11.369663,1,1,1,11,64,0,0
2025-12-03 05:01:24.835445,1,1,2,14,70,0,0
2025-12-03 05:01:37.797874,1,1,5,14,70,0,0
2025-12-03 05:01:52.259783,1,2,15,19,69,0,0
2025-12-03 05:02:05.570805,1,2,7,13,69,0,0
2025-12-03 05:02:19.383081,1,1,3,12,67,0,0
2025-12-03 05:02:32.799266,1,2,5,12,74,0,0
2025-12-03 05:02:46.212688,1,1,3,11,73,0,0
2025-12-03 05:02:59.026987,1,1,1,11,73,0,0
2025-12-03 05:03:11.941234,1,1,2,11,78,0,0
2025-12-03 05:03:25.758042,1,1,1,11,84,0,0
2025-12-03 05:03:39.070297,1,2,1,17,90,0,0
2025-12-03 05:03:52.441847,1,2,2,21,90,0,0
2025-12-03 05:04:05.399436,1,1,7,17,73,0,0
2025-12-03 05:04:19.762988,1,1,1,17,69,0,0
2025-12-03 05:04:33.077354,1,2,2,14,73,0,0
2025-12-03 05:04:45.995418,1,1,1,13,75,0,0
2025-12-03 05:04:58.851737,1,2,2,13,74,0,0
2025-12-03 05:05:11.671259,1,1,1,14,67,0,0
2025-12-03 05:05:24.496569,1,2,3,16,64,0,0
2025-12-03 05:05:38.396529,1,2,3,18,64,0,0
2025-12-03 05:05:52.310850,1,2,1,20,64,0,0
2025-12-03 05:06:05.124068,1,1,1,22,64,0,0
2025-12-03 05:06:17.991920,1,2,1,18,64,0,0
2025-12-03 05:06:30.855642,1,1,1,16,76,0,0
2025-12-03 05:06:43.721012,1,1,2,19,76,0,0
2025-12-03 05:06:56.584572,1,2,5,18,76,0,0
2025-12-03 05:07:09.450165,1,2,1,20,70,0,0
2025-12-03 05:07:22.362352,1,1,4,18,70,0,0
2025-12-03 05:07:35.198078,1,1,1,12,70,0,0
2025-12-03 05:07:47.998124,1,2,1,13,69,0,0
2025-12-03 05:08:01.855494,1,1,2,13,69,0,0
2025-12-03 05:08:15.168658,1,2,3,11,69,0,0
2025-12-03 05:08:28.084005,1,2,1,11,71,0,0
2025-12-03 05:08:40.947342,1,2,2,11,74,0,0
2025-12-03 05:08:53.760976,1,1,1,16,69,0,0
2025-12-03 05:09:06.629270,1,2,2,15,69,0,0
2025-12-03 05:09:20.438094,1,1,1,12,70,0,0
2025-12-03 05:09:33.804465,1,1,1,11,70,0,0
2025-12-03 05:09:46.618356,1,2,1,11,65,0,0
2025-12-03 05:09:59.581517,1,1,3,17,72,0,0
2025-12-03 05:10:13.944431,1,1,1,22,65,0,0
2025-12-03 05:10:26.811881,1,1,1,24,68,0,0
2025-12-03 05:10:39.632882,1,2,2,23,70,0,0
2025-12-03 05:10:53.543426,1,1,3,18,69,0,0
2025-12-03 05:11:06.900525,1,1,1,13,69,0,0
2025-12-03 05:11:19.665664,1,2,1,11,64,0,0
2025-12-03 05:11:32.630215,1,1,2,11,62,0,0
2025-12-03 05:11:46.540929,1,1,1,15,62,0,0
2025-12-03 05:11:59.454993,1,2,1,16,64,0,0
2025-12-03 05:12:12.274735,1,2,1,13,69,0,0
2025-12-03 05:12:25.136910,1,1,2,11,69,0,0
2025-12-03 05:12:38.051141,1,1,2,11,69,0,0
2025-12-03 05:12:50.867337,1,1,1,11,66,0,0
2025-12-03 05:13:03.731261,1,2,5,11,66,0,0
2025-12-03 05:13:17.592841,1,2,1,11,66,0,0
2025-12-03 05:13:30.958978,1,2,1,11,64,0,0
2025-12-03 05:13:43.724624,1,2,3,20,64,0,0
2025-12-03 05:13:56.637620,1,2,2,20,64,0,0
2025-12-03 05:14:10.553562,1,1,2,20,64,0,0
2025-12-03 05:14:23.874473,1,1,2,13,64,0,0
2025-12-03 05:14:37.687768,1,2,3,19,64,0,0
2025-12-03 05:14:51.149170,1,1,1,22,64,0,0
2025-12-03 05:15:04.566830,1,2,7,23,100,0,0
2025-12-03 05:15:17.376838,1,2,1,24,100,0,0
2025-12-03 05:15:30.193597,1,1,1,23,98,0,0
2025-12-03 05:15:44.055336,1,2,4,24,71,0,0
2025-12-03 05:15:57.367651,1,1,1,24,64,0,0
2025-12-03 05:16:10.231655,1,1,1,19,62,0,0
2025-12-03 05:16:23.191370,1,1,1,21,62,0,0
2025-12-03 05:16:37.101452,1,1,8,21,62,0,0
2025-12-03 05:16:50.416242,1,1,1,18,64,0,0
2025-12-03 05:17:03.278692,1,1,1,12,70,0,0
2025-12-03 05:17:17.187431,1,1,1,11,70,0,0
2025-12-03 05:17:31.145539,1,1,1,15,70,0,0
2025-12-03 05:17:44.008400,1,1,1,19,69,0,0
2025-12-03 05:17:56.867647,1,1,1,21,69,0,0
2025-12-03 05:18:09.776168,1,1,1,18,69,0,0
2025-12-03 05:18:23.236670,1,1,1,15,69,0,0
2025-12-03 05:18:37.199181,1,1,1,11,69,0,0
2025-12-03 05:18:50.058848,1,1,1,11,69,0,0
2025-12-03 05:19:02.918233,1,1,1,12,69,0,0
2025-12-03 05:19:15.831736,1,1,1,12,69,0,0
2025-12-03 05:19:28.889523,1,1,1,11,67,0,0
2025-12-03 05:19:41.798733,1,1,1,11,64,0,0
2025-12-03 05:19:56.209702,1,1,1,11,68,0,0
2025-12-03 05:20:09.570704,1,1,1,11,63,0,0
2025-12-03 05:20:22.334433,1,1,1,11,62,0,0
2025-12-03 05:20:35.292841,1,1,1,11,62,0,0
2025-12-03 05:20:49.258128,1,1,1,11,65,0,0
2025-12-03 05:21:02.115805,1,1,1,11,65,0,0
2025-12-03 05:21:14.978009,1,1,1,12,65,0,0
2025-12-03 05:21:28.342126,1,1,1,20,69,0,0
2025-12-03 05:21:41.306922,1,1,1,22,62,0,0
2025-12-03 05:21:55.166130,1,1,1,23,62,0,0
2025-12-03 05:22:07.983263,1,1,1,23,62,0,0
2025-12-03 05:22:21.296141,1,1,1,15,62,0,0
2025-12-03 05:22:34.166871,1,1,1,12,62,0,0
2025-12-03 05:22:47.578205,1,1,1,11,63,0,0
2025-12-03 05:23:00.392181,1,1,1,11,63,0,0
2025-12-03 05:23:14.258523,1,1,1,11,66,0,0
2025-12-03 05:23:27.572067,1,1,1,11,68,0,0
2025-12-03 05:23:40.437805,1,1,1,11,80,0,0
2025-12-03 05:23:53.355421,1,1,1,11,77,0,0
2025-12-03 05:24:07.268691,1,1,1,11,64,0,0
2025-12-03 05:24:20.580753,1,1,1,14,69,0,0
2025-12-03 05:24:33.445003,1,1,1,12,64,0,0
2025-12-03 05:24:47.406431,1,1,1,12,68,0,0
2025-12-03 05:25:01.365576,1,1,1,12,68,0,0
2025-12-03 05:25:14.275384,1,1,1,12,68,0,0
2025-12-03 05:25:27.036256,1,1,1,12,68,0,0
2025-12-03 05:25:40.048756,1,2,6,12,63,0,0
2025-12-03 05:25:53.914413,1,2,2,14,74,0,0
2025-12-03 05:26:08.329822,1,1,1,17,75,0,0
2025-12-03 05:26:21.640286,1,2,1,17,75,0,0
2025-12-03 05:26:34.506759,1,2,4,19,76,0,0
2025-12-03 05:26:47.421632,1,2,3,18,82,0,0
2025-12-03 05:27:00.247244,1,2,2,14,70,0,0
2025-12-03 05:27:13.064070,1,1,2,14,67,0,0
2025-12-03 05:27:26.914005,1,2,1,14,67,0,0
2025-12-03 05:27:40.301472,1,2,1,12,80,0,0
2025-12-03 05:27:53.147431,1,2,4,15,82,0,0
2025-12-03 05:28:06.014731,1,1,1,19,86,0,0
2025-12-03 05:28:20.380002,1,1,1,20,85,0,0
2025-12-03 05:28:33.696343,1,1,1,23,78,0,0
2025-12-03 05:28:46.556155,1,2,2,20,76,0,0
2025-12-03 05:28:59.469970,1,2,6,14,76,0,0
2025-12-03 05:29:12.285593,1,2,5,12,72,0,0
2025-12-03 05:29:27.252842,1,1,1,12,63,0,0
2025-12-03 05:29:41.114794,1,2,1,13,63,0,0
2025-12-03 05:29:54.025094,1,2,1,19,63,0,0
2025-12-03 05:30:07.403548,1,2,2,22,63,0,0
2025-12-03 05:30:20.156382,1,2,3,23,70,0,0
2025-12-03 05:30:33.118042,1,2,14,22,82,0,0
2025-12-03 05:30:47.529508,1,1,1,24,100,0,0
2025-12-03 05:31:01.395280,1,1,1,23,100,0,0
2025-12-03 05:31:14.208612,1,1,1,24,79,0,0
2025-12-03 05:31:27.069939,1,1,1,24,74,0,0
2025-12-03 05:31:41.082497,1,1,1,21,77,0,0
2025-12-03 05:31:54.039611,1,1,1,22,73,0,0
2025-12-03 05:32:07.409474,1,1,1,21,65,0,0
2025-12-03 05:32:20.218718,1,1,1,21,62,0,0
2025-12-03 05:32:33.729681,1,1,1,17,62,0,0
2025-12-03 05:32:48.163175,1,1,1,21,62,0,0
2025-12-03 05:33:02.502229,1,1,2,16,62,0,0
2025-12-03 05:33:15.815931,1,2,8,14,62,0,0
2025-12-03 05:33:28.679753,1,1,1,16,63,0,0
2025-12-03 05:33:41.596678,1,1,1,16,68,0,0
2025-12-03 05:33:54.417289,1,1,1,16,68,0,0
2025-12-03 05:34:07.831710,1,1,1,18,68,0,0
2025-12-03 05:34:22.145794,1,2,2,15,68,0,0
2025-12-03 05:34:35.059873,1,1,2,15,67,0,0
2025-12-03 05:34:48.375301,1,2,1,14,76,0,0
2025-12-03 05:35:01.193081,1,1,1,14,76,0,0
2025-12-03 05:35:15.617452,1,1,2,11,70,0,0
2025-12-03 05:35:28.971469,1,1,1,11,65,0,0
2025-12-03 05:35:41.736770,1,1,2,11,65,0,0
2025-12-03 05:35:54.649611,1,1,1,11,65,0,0
2025-12-03 05:36:08.015607,1,1,1,11,66,0,0
2025-12-03 05:36:23.584163,1,2,3,11,66,0,0
2025-12-03 05:36:36.898338,1,2,3,11,68,0,0
2025-12-03 05:36:49.818393,1,1,1,11,68,0,0
2025-12-03 05:37:02.723643,1,2,3,11,66,0,0
2025-12-03 05:37:17.146880,1,2,2,11,64,0,0
2025-12-03 05:37:29.949204,1,2,1,11,64,0,0
2025-12-03 05:37:42.812351,1,2,2,11,64,0,0
2025-12-03 05:37:55.676917,1,1,1,11,63,0,0
2025-12-03 05:38:08.544690,1,1,1,11,63,0,0
2025-12-03 05:38:21.355741,1,1,1,11,63,0,0
2025-12-03 05:38:34.270893,1,2,1,11,63,0,0
2025-12-03 05:38:47.183541,1,1,1,11,63,0,0
2025-12-03 05:38:59.997319,1,2,1,11,63,0,0
2025-12-03 05:39:12.861290,1,2,3,11,63,0,0
2025-12-03 05:39:26.674942,1,2,2,11,63,0,0
2025-12-03 05:39:39.987501,1,1,1,11,63,0,0
2025-12-03 05:39:52.859539,1,1,1,11,63,0,0
2025-12-03 05:40:05.768061,1,2,2,11,62,0,0
2025-12-03 05:40:18.640776,1,1,2,11,62,0,0
2025-12-03 05:40:31.397850,1,1,3,11,62,0,0
2025-12-03 05:40:45.318912,1,2,1,11,62,0,0
2025-12-03 05:40:59.220650,1,1,1,11,62,0,0
2025-12-03 05:41:12.037495,1,2,1,11,62,0,0
2025-12-03 05:41:24.948837,1,2,1,11,62,0,0
2025-12-03 05:41:38.762689,1,2,2,11,62,0,0
2025-12-03 05:41:51.627994,1,1,2,11,62,0,0
2025-12-03 05:42:04.500401,1,2,1,11,62,0,0
2025-12-03 05:42:18.361170,1,1,1,11,62,0,0
2025-12-03 05:42:31.771974,1,1,3,11,62,0,0
2025-12-03 05:42:45.085283,1,1,1,11,62,0,0
2025-12-03 05:42:58.000944,1,1,1,11,62,0,0
2025-12-03 05:43:12.362306,1,2,2,11,62,0,0
2025-12-03 05:43:25.727088,1,1,1,11,62,0,0
2025-12-03 05:43:38.489412,1,1,1,11,62,0,0
2025-12-03 05:43:51.403488,1,2,3,11,62,0,0
2025-12-03 05:44:05.362099,1,1,1,11,62,0,0
2025-12-03 05:44:18.675130,1,1,1,11,62,0,0
2025-12-03 05:44:32.490398,1,1,1,11,62,0,0
2025-12-03 05:44:45.404978,1,2,2,11,62,0,0
2025-12-03 05:44:59.317566,1,1,1,11,62,0,0
2025-12-03 05:45:12.130882,1,1,1,11,62,0,0
2025-12-03 05:45:25.003981,1,1,1,11,62,0,0
2025-12-03 05:45:38.868865,1,2,2,11,62,0,0
2025-12-03 05:45:52.176311,1,1,1,11,62,0,0
2025-12-03 05:46:05.043783,1,2,1,11,62,0,0
2025-12-03 05:46:17.907127,1,1,1,13,62,0,0
2025-12-03 05:46:30.716857,1,2,2,12,62,0,0
2025-12-03 05:46:44.533482,1,1,2,12,62,0,0
2025-12-03 05:46:58.396422,1,2,2,12,62,0,0
2025-12-03 05:47:11.210567,1,1,1,12,62,0,0
2025-12-03 05:47:24.024103,1,1,1,12,62,0,0
2025-12-03 05:47:36.944093,1,1,1,12,62,0,0
2025-12-03 05:47:49.805484,1,2,3,12,62,0,0
2025-12-03 05:48:02.665709,1,1,1,12,62,0,0
2025-12-03 05:48:15.526686,1,2,1,12,62,0,0
2025-12-03 05:48:29.536996,1,2,18,12,65,0,0
2025-12-03 05:48:42.453768,1,2,5,13,71,0,0
2025-12-03 05:48:57.416893,1,2,8,16,71,0,0
2025-12-03 05:49:10.233207,1,1,1,16,70,0,0
2025-12-03 05:49:23.094587,1,1,3,17,70,0,0
2025-12-03 05:49:36.004505,1,1,1,21,63,0,0
2025-12-03 05:49:48.818680,1,1,4,13,63,0,0
2025-12-03 05:50:02.631656,1,2,1,20,63,0,0
2025-12-03 05:50:15.544492,1,1,1,23,65,0,0
2025-12-03 05:50:29.462386,1,2,1,19,80,0,0
2025-12-03 05:50:42.317268,1,2,3,21,77,0,0
2025-12-03 05:50:55.135030,1,1,1,20,81,0,0
2025-12-03 05:51:08.994937,1,2,1,20,76,0,0
2025-12-03 05:51:22.311832,1,1,1,20,73,0,0
2025-12-03 05:51:35.733106,1,1,1,21,64,0,0
2025-12-03 05:51:48.594116,1,2,4,22,70,0,0
2025-12-03 05:52:01.960069,1,2,2,23,81,0,0
2025-12-03 05:52:14.770616,1,1,1,24,81,0,0
2025-12-03 05:52:27.632537,1,2,1,24,80,0,0
2025-12-03 05:52:41.551185,1,1,2,24,62,0,0
2025-12-03 05:52:54.865279,1,2,4,19,62,0,0
2025-12-03 05:53:09.333013,1,2,1,22,76,0,0
2025-12-03 05:53:22.250941,1,1,1,23,76,0,0
2025-12-03 05:53:36.118190,1,2,1,23,79,0,0
2025-12-03 05:53:50.033574,1,2,1,23,79,0,0
2025-12-03 05:54:03.347126,1,1,2,23,79,0,0
2025-12-03 05:54:16.215631,1,1,1,23,79,0,0
2025-12-03 05:54:30.129602,1,2,4,23,79,0,0
2025-12-03 05:54:42.943760,1,1,1,21,81,0,0
2025-12-03 05:54:57.310786,1,1,1,20,83,0,0
2025-12-03 05:55:10.721556,1,1,1,22,74,0,0
2025-12-03 05:55:24.138024,1,1,1,23,77,0,0
2025-12-03 05:55:36.950830,1,1,1,24,72,0,0
2025-12-03 05:55:51.261897,1,2,4,24,78,0,0
2025-12-03 05:56:04.190705,1,2,2,24,78,0,0
2025-12-03 05:56:17.049900,1,1,1,24,65,0,0
2025-12-03 05:56:29.859854,1,2,2,24,62,0,0
2025-12-03 05:56:42.722831,1,2,4,21,62,0,0
2025-12-03 05:56:56.088007,1,1,1,14,65,0,0
2025-12-03 05:57:08.906360,1,1,1,13,67,0,0
2025-12-03 05:57:21.771914,1,2,4,17,67,0,0
2025-12-03 05:57:35.678473,1,1,1,21,68,0,0
2025-12-03 05:57:49.047496,1,2,5,21,80,0,0
2025-12-03 05:58:01.909382,1,2,2,21,89,0,0
2025-12-03 05:58:15.775970,1,2,1,22,89,0,0
2025-12-03 05:58:29.684664,1,2,1,22,89,0,0
2025-12-03 05:58:42.501357,1,2,2,19,90,0,0
2025-12-03 05:58:55.414227,1,1,1,20,88,0,0
2025-12-03 05:59:09.731307,1,2,4,22,90,0,0
2025-12-03 05:59:23.094595,1,2,1,21,90,0,0
2025-12-03 05:59:35.913046,1,1,1,21,77,0,0
2025-12-03 05:59:48.827179,1,1,1,15,62,0,0
2025-12-03 06:00:04.033026,1,1,1,13,62,0,0
2025-12-03 06:00:15.008482,1,2,5,12,65,0,0
2025-12-03 06:00:27.816590,1,1,1,15,65,0,0
2025-12-03 06:00:41.779033,1,1,3,19,74,0,0
2025-12-03 06:00:55.092026,1,2,4,22,78,0,0
2025-12-03 06:01:08.907926,1,1,2,22,82,0,0
2025-12-03 06:01:22.320033,1,2,3,22,82,0,0
2025-12-03 06:01:35.184697,1,2,1,22,82,0,0
2025-12-03 06:01:47.946963,1,1,1,22,82,0,0
2025-12-03 06:02:00.915419,1,2,1,19,73,0,0
2025-12-03 06:02:15.275027,1,2,3,18,65,0,0
2025-12-03 06:02:28.593483,1,2,4,17,65,0,0
2025-12-03 06:02:41.456102,1,1,1,20,80,0,0
2025-12-03 06:02:54.365335,1,2,5,16,88,0,0
2025-12-03 06:03:08.234046,1,1,2,13,88,0,0
2025-12-03 06:03:21.048581,1,2,2,15,88,0,0
2025-12-03 06:03:33.933208,1,2,6,15,88,0,0
2025-12-03 06:03:47.826923,1,2,4,15,78,0,0
2025-12-03 06:04:00.639286,1,2,3,16,66,0,0
2025-12-03 06:04:13.506014,1,1,1,16,65,0,0
2025-12-03 06:04:27.322067,1,1,3,14,69,0,0
2025-12-03 06:04:40.636387,1,2,5,14,69,0,0
2025-12-03 06:04:53.557049,1,2,1,15,70,0,0
2025-12-03 06:05:06.415099,1,2,1,15,82,0,0
2025-12-03 06:05:19.226516,1,1,1,16,81,0,0
2025-12-03 06:05:33.092529,1,1,1,16,79,0,0
2025-12-03 06:05:45.956723,1,2,1,19,79,0,0
2025-12-03 06:05:59.918190,1,1,1,14,79,0,0
2025-12-03 06:06:13.235351,1,2,4,15,83,0,0
2025-12-03 06:06:27.049503,1,1,2,14,84,0,0
2025-12-03 06:06:40.464472,1,1,1,16,79,0,0
2025-12-03 06:06:53.331282,1,1,2,15,70,0,0
2025-12-03 06:07:06.092811,1,2,1,14,66,0,0
2025-12-03 06:07:19.004525,1,2,1,16,66,0,0
2025-12-03 06:07:32.371756,1,2,1,15,73,0,0
2025-12-03 06:07:45.190040,1,2,1,15,75,0,0
2025-12-03 06:07:58.052377,1,2,1,17,75,0,0
2025-12-03 06:08:11.467042,1,2,1,17,64,0,0
2025-12-03 06:08:24.336383,1,2,3,17,66,0,0
2025-12-03 06:08:37.194747,1,2,3,18,77,0,0
2025-12-03 06:08:50.067691,1,1,1,16,69,0,0
2025-12-03 06:09:02.972674,1,1,2,16,79,0,0
2025-12-03 06:09:16.289082,1,2,1,17,85,0,0
2025-12-03 06:09:30.154661,1,2,4,17,74,0,0
2025-12-03 06:09:43.069460,1,1,1,18,74,0,0
2025-12-03 06:09:56.434131,1,1,2,17,74,0,0
2025-12-03 06:10:09.251148,1,2,4,17,75,0,0
2025-12-03 06:10:22.117689,1,1,4,17,77,0,0
2025-12-03 06:10:35.530339,1,2,1,18,71,0,0
2025-12-03 06:10:48.394173,1,2,1,18,66,0,0
2025-12-03 06:11:01.204887,1,2,2,21,66,0,0
2025-12-03 06:11:14.118975,1,1,1,22,66,0,0
2025-12-03 06:11:27.434722,1,2,1,21,64,0,0
2025-12-03 06:11:42.505390,1,1,1,23,64,0,0
2025-12-03 06:11:55.865072,1,2,1,23,64,0,0
2025-12-03 06:12:08.736124,1,1,2,23,65,0,0
2025-12-03 06:12:21.595726,1,1,1,23,75,0,0
2025-12-03 06:12:34.407809,1,2,3,23,79,0,0
2025-12-03 06:12:48.285990,1,2,3,23,79,0,0
2025-12-03 06:13:01.150943,1,2,2,22,79,0,0
2025-12-03 06:13:14.507771,1,2,3,21,73,0,0
2025-12-03 06:13:27.315695,1,2,3,21,71,0,0
2025-12-03 06:13:40.180890,1,2,4,16,67,0,0
2025-12-03 06:13:54.097044,1,1,2,15,72,0,0
2025-12-03 06:14:06.912194,1,2,3,16,77,0,0
2025-12-03 06:14:19.729960,1,2,3,16,72,0,0
2025-12-03 06:14:33.594236,1,1,1,16,76,0,0
2025-12-03 06:14:46.908947,1,1,1,16,86,0,0
2025-12-03 06:14:59.826851,1,2,2,16,86,0,0
2025-12-03 06:15:12.817690,1,2,4,16,76,0,0
2025-12-03 06:15:26.555699,1,2,5,16,73,0,0
2025-12-03 06:15:39.370151,1,2,2,15,72,0,0
2025-12-03 06:15:52.278857,1,2,19,15,62,0,0
2025-12-03 06:16:06.694930,1,2,1,15,71,0,0
2025-12-03 06:16:19.507458,1,1,2,13,79,0,0
2025-12-03 06:16:33.821302,1,2,3,11,72,0,0
2025-12-03 06:16:46.687314,1,2,2,11,71,0,0
2025-12-03 06:16:59.561579,1,1,1,13,71,0,0
2025-12-03 06:17:12.418889,1,1,3,13,71,0,0
2025-12-03 06:17:25.731100,1,1,1,14,70,0,0
2025-12-03 06:17:38.599273,1,2,5,13,70,0,0
2025-12-03 06:17:51.456102,1,2,2,24,100,0,0
2025-12-03 06:18:04.276143,1,1,1,23,100,0,0
2025-12-03 06:18:18.186249,1,2,1,16,92,0,0
2025-12-03 06:18:31.000300,1,2,3,13,87,0,0
2025-12-03 06:18:44.367487,1,2,1,13,87,0,0
2025-12-03 06:18:57.776148,1,1,1,19,87,0,0
2025-12-03 06:19:10.590070,1,2,4,21,75,0,0
2025-12-03 06:19:24.055531,1,1,1,21,81,0,0
2025-12-03 06:19:36.868866,1,1,1,22,74,0,0
2025-12-03 06:19:49.830824,1,1,1,24,71,0,0
2025-12-03 06:20:03.244230,1,1,2,25,81,0,0
2025-12-03 06:20:16.058177,1,2,1,21,75,0,0
2025-12-03 06:20:28.923032,1,2,2,15,66,0,0
2025-12-03 06:20:41.888331,1,1,1,14,66,0,0
2025-12-03 06:20:54.808364,1,2,2,14,66,0,0
2025-12-03 06:21:07.610284,1,1,1,13,66,0,0
2025-12-03 06:21:21.427082,1,1,4,20,79,0,0
2025-12-03 06:21:34.850626,1,2,2,16,73,0,0
2025-12-03 06:21:47.701957,1,1,1,15,70,0,0
2025-12-03 06:22:00.517524,1,2,4,13,63,0,0
2025-12-03 06:22:13.382139,1,1,3,12,68,0,0
2025-12-03 06:22:26.749772,1,1,1,14,69,0,0
2025-12-03 06:22:39.556631,1,1,1,20,69,0,0
2025-12-03 06:22:52.418012,1,1,1,19,69,0,0
2025-12-03 06:23:06.336980,1,2,1,21,69,0,0
2025-12-03 06:23:19.144671,1,1,1,18,69,0,0
2025-12-03 06:23:32.560191,1,1,2,14,71,0,0
2025-12-03 06:23:46.425873,1,1,1,17,72,0,0
2025-12-03 06:24:00.341908,1,2,2,14,70,0,0
2025-12-03 06:24:13.152996,1,2,1,14,70,0,0
2025-12-03 06:24:26.062382,1,2,4,16,70,0,0
2025-12-03 06:24:39.876564,1,1,1,21,84,0,0
2025-12-03 06:24:53.192528,1,2,3,17,75,0,0
2025-12-03 06:25:06.004986,1,1,1,14,73,0,0
2025-12-03 06:25:18.921652,1,2,6,14,66,0,0
2025-12-03 06:25:31.734662,1,1,1,14,62,0,0
2025-12-03 06:25:46.052937,1,2,3,18,63,0,0
2025-12-03 06:25:58.965063,1,2,3,20,69,0,0
2025-12-03 06:26:13.928324,1,1,1,19,69,0,0
2025-12-03 06:26:26.793472,1,2,4,17,69,0,0
2025-12-03 06:26:40.207228,1,1,1,12,66,0,0
2025-12-03 06:26:53.119354,1,2,18,11,64,0,0
2025-12-03 06:27:06.982677,1,2,61,24,100,0,0
2025-12-03 06:27:20.299225,1,2,2,24,100,0,0
2025-12-03 06:27:33.161365,1,1,1,13,100,0,0
2025-12-03 06:27:46.021235,1,1,1,11,86,0,0
